Country,Root_cause,Diverges_at,Pillar,Abs_diff
Bangladesh,AGGREGATION / WEIGHTS,chips diff = 1.20,,1.2
Italy,INDICATOR (data-version / minmax bound),"Fixed (broadband) internet price, USD PPP",,0.96
Croatia,AGGREGATION / WEIGHTS,chips diff = 0.59,,0.59
Switzerland,INDICATOR (data-version / minmax bound),Public trust score,,0.28
Chile,AGGREGATION / WEIGHTS,chips diff = 0.20,,0.2
Indonesia,INDICATOR (data-version / minmax bound),Safety and security,,0.14
Kenya,AGGREGATION / WEIGHTS,chips diff = 0.12,,0.12
Hungary,AGGREGATION / WEIGHTS,chips diff = 0.12,,0.12
Qatar,AGGREGATION / WEIGHTS,chips diff = 0.11,,0.11
