,Global ,India (Nationwide),India (Statewise),India (Circlewise),Global ,India (Nationwide),India (Statewise) Harness,India (Statewise) Harness - Enablers,Global ,India (Nationwide),India (Statewise) Innovate,Global ,India (Nationwide),India (Statewise) Protect,Global,India (Statewise)
,Percent of Primary schools with access to internet,Number of Internet Subscribers (millions),Total Functional Common Service Centers,Internet Subscribers per 100,Percent of internet users (16-64 years) using social media for work related activities,Percent of businesses with internet connection (small business: 1-10 employees),e-transactions per 1000 population on State Government projects,Number of certified participants under PMGDISHA,Growth in AI Publications by country (CAGR 2000-2021),,No. of schools in which Atal Tinkering Labs have been established,Percent of internet users in selected countries who have ever experienced any cybercrime,Number of cybercrimes reported in India,Cybercrimes against children per lakh population,,Per Capita NSDP (Rs.)
,Percent of web traffic through mobile devices,Number of Internet Subscribers - Urban (millions),Functional Common Service Centers at Gram Panchayat level,Number of 2G Base Transceiver Stations,Average daily time spent on internet (minutes) (internet users aged 16-64),Percent of businesses with internet connection (medium business: 11-100 employees),Percent of population that are UMANG users,,Number of AI Publications by country,,,Percent of attacks recorded against government sector,Number of complaints - UPI fraud,Cybercrimes against women per lakh population,,Percent of households living in a Pucca House
,Percent of population using the internet,Number of Internet Subscribers - Rural (millions),Number of Gram Panchayats,Number of 3G Base Transceiver Stations,Percent of total time on internet through mobile phone,Percent of businesses with internet connection (large business: 101+ employees),Percent of population with Aadhaar,,"Percent of worldwide Github commits in opensource
AI projects contributed by country",,,Number of cyberattacks in the government sector,Number of complaints - Debit/Credit/Sim Swap fraud,,,Per capita availability of Power (kWh)
,Percent of people using a smartphone,Number of Internet Subscribers per 100 people - Total,Number of Gram Panchayats Covered with Common Service Centers,Number of 4G-LTE Base Transceiver Stations,Percent of total time on internet through computer,Percent of businesses with internet connection,No. of registered members in myGov (thousands),,Venture capital investments in AI,,,Average cost of data breach (million USD),Number of complaints - Internet banking fraud,,,Gross Enrollment Ratio - Secondary 
,Mobile cellular telephone subscriptions (millions),Number of Internet Subscribers per 100 people - Urban,Percent of Gram Panchayats covered with Common Service Centers,Total number of Base Transceiver Stations,,Percent of businesses with internet connection (Tier 1 towns),No. of comments in myGov discussion themes,,Probability that the selected AI skills appears in an IT-related job posting,,,,Number of complaints - Total complaints reported,,,Literacy rate - Men
,Growth Rate in Number of Active Mobile Broadband Subscriptions (%) (CAGR 2014-2021),Number of Internet Subscribers per 100 people - Rural,Internet Subscribers per 100 population,,,Percent of businesses with internet connection (Tier 2 towns),No. of comments per 1000 registered members on myGov,,"Likelihood of a worker having AI skills against the cross-country average, by gender (female)",,,,Publicly known state-sponsored cyber-attacks on India (Espionage),,,Literacy rate - Women
,Number of Active Mobile Broadband Subscriptions (millions),Number of Broadband Subscribers (millions,Median Mobile Internet Download Speeds (Mbps),,,Percent of businesses with internet connection (Tier 3 towns),Percent of population with health IDs,,"Likelihood of a worker having AI skills against the cross-country average, by gender (male)",,,,Cyberattacks (thousands),,,Literacy rate
,Active Mobile Broadband Subscriptions as a percentage of Total Mobile Broadband subscriptions,Number of Wireless Internet Subscribers (millions),,,Percent of respondents who indicated they use a mobile wallet,Percent of businesses with internet connection (Tier 4 towns),No. of professionals registered on Healthcare Professionals Registry (HPR) under Ayushman Bharat Digital Mission,,"Likelihood of a worker having AI skills against the cross-country average, by sector (Finance)",,,,Number of secure servers,,,
,Active Mobile Broadband Subscription per 100 Inhabitants,Number of Mobile Internet Subscriptions (millions),No. of beneficiaries of Computer Assisted Design (CAD) skills training under 'Digital Village' scheme,,Advertising Spends,Percent of businesses with internet connection (Tier 5 towns),No. of facilities registered on Health Facilities Registry (HFR) under Ayushman Bharat Digital Mission,,"Likelihood of a worker having AI skills against the cross-country average, by sector (Education)",,,,,,,
,Fixed Broadband Subscriptions per 100 inhabitants,Total annual wireless data usage (million GB),,,Online Service Index Score,Percent of businesses with internet connection (Manufacturing),No. of facilities registered on Health Facilities Registry (HFR) under Ayushman Bharat Digital Mission ,,"Likelihood of a worker having AI skills against the cross-country average, by sector (Software & IT services)",,,,,,,
,Average monthly fixed broadband traffic per fixed broadband subscription (MB),Annual 2G Data Usage (million GB),,,Percent of population using e-commerce,Percent of businesses with internet connection (Services),No. of PMJAY e-cards created,,Percent of frontier firms adopting Cloud computing,,,,,,,
,Average monthly mobile internet traffic per mobile  broadband subscription (MB) ,Annual 3G Data Usage (million GB),,,Percent of internet users using e-commerce,"Percent of businesses with internet connection (Retail, Food & Dining)",Percent of villages with spatial data verified,,Percent of frontier firms adopting AI (Machine learning),,,,,,,
,Median Mobile Download Speed (Mbps),Annual 4G Data Usage (million GB),,,E-commerce users (million),Percent of businesses with business website (small business: 1-10 employees),% of villages with spatial data verified (Rural - Digital India Land Records Modernization),,Percent of frontier firms adopting Big data analytics,,,,,,,
,Median Fixed Broadband Download Speed (Mbps) ,CDMA Data Usage (million GB),,,No. of mobile app downloads per 100 internet users,Percent of businesses with business website (medium business: 11-100 employees),Number of working broadband connections in public hospitals,,Percent of frontier firms adopting Internet of Things,,,,,,,
,Mean Mobile Download Speed (Mbps) ,Average Monthly Wireless Data Usage per data user (GB),,,Video on Demand users per 100 internet users ,Percent of businesses with business website (large business: 101+ employees),Percent of hospitals with working broadband connections,,Percent of frontier firms adopting ecommerce and digital trade,,,,,,,
,Mean Fixed Broadband Download Speed (Mbps),Average Monthly 2G Data Usage per data user (GB),,,Value of digital payment transactions (USD) (PPP exchange rate adjusted) per internet user,Percent of businesses with business website,Number of e-panchayat services offerred on ServicePlus,,Percent of frontier firms adopting Encryption and cybersecurity,,,,,,,
,Price of fixed broadband basket as a percent of monthly GNI per capita,Average Monthly 3G Data Usage per data user (GB),,,Value of digital payment transactions (trillion USD) ,Percent of businesses with business website (Tier 1 towns),Percent of police Stations connected to the internet,,Percent of frontier firms adopting robots (Industrial automation and drones),,,,,,,
,Price of mobile data and voice basket (low consumption) as a percent of monthly GNI per capita,Average Monthly 4G Data Usage per data user (GB),,,Percent of population that made or recieved a digital payment,Percent of businesses with business website (Tier 2 towns),Percent of Police Stations where CCTNS Software is deployed,,Percent of frontier firms adopting AR & VR,,,,,,,
,Price of mobile data and voice basket (high consumption) as a percent of monthly GNI per capita,Average Monthly CDMA Data Usage per data user (GB),,,Percent of internet users that made or received a digital payment,Percent of businesses with business website (Tier 3 towns),Percent of reports generated through CCTNS in the Police Stations,,Percent of frontier firms adopting 3D & 4D printing and modelling,,,,,,,
,Price of mobile cellular basket (low usage) as a percent of monthly GNI per capita,Average Monthly GSM Data Usage per data user (GB),Not to be published,,Percent of internet users using Digital Food Delivery Platforms,Percent of businesses with business website (Tier 4 towns),Percent of Police Stations able to search on National Database,,Percent of frontier firms adopting text and image processing,,,,,,,
,Price of mobile cellular basket as a percent of monthly GNI per capita,Average Cost to Subscriber per GB Wireless Data Usage (Rs.) - GSM,Percentage of male population that are internet users,,Percent of internet users using Digital Health Applications,Percent of businesses with business website (Tier 5 towns),Percent of schools with functional computer facility - All management,,Percent of frontier firms adopting distributed ledger technology,,,,,,,
,Price of mobile broadband basket as a percent of monthly GNI per capita,Average Cost to Subscriber per GB Wireless Data Usage (Rs.) - CDMA,Percentage of female population that are internet users,,Percent of population using Digital Food Delivery Platforms,Percent of businesses with business website (Manufacturing),Percent of schools with functional computer facility - Government schools,,Technology Frontier Readiness Index Score – Skills,,,,,,,
,Average price of 1GB of mobile data (USD),Average Cost to Subscriber per GB Wireless Data Usage (Rs.),Percentage of households with atleast one fixedline internet connection,,Percent of population using Digital Health Applications,Percent of businesses with business website (Services),Percent of schools with functional computer facility - Government aided,,Percent of population using smart home security,,,,,,,
,Price of 1GB of mobile data through cheapest option (USD),Average revenue Realization per subscriber per GB wireless data (Rs.),Percentage of urban households with atleast one fixedline internet connection,,,"Percent of businesses with business website (Retail, Food & Dining)",Percent of schools with functional computer facility - Private unaided,,Percent of population using smart watches,,,,,,,
,Price of 1GB of mobile data through most expensive option (USD),Average selling price of smartphones (USD),Percentage of rural households with atleast one fixedline internet connection,,,Percent of businesses with corporate email ID (small business: 1-10 employees),Percent of schools with functional computer facility - Other schools,,Percent of population using smart home entertainment,,,,,,,
,Average price of 1GB of mobile data (local currency),Average selling price of smartphones (Rs.),Percentage of households with atleast one wireless internet connection,,,Percent of businesses with corporate email ID (medium business: 11-100 employees),Percent of schools with internet facility - All management,,Percent of population using smart home energy management,,,,,,,
,Average price of 1GB of mobile data (USD) (PPP adjusted),Inflation adjusted average selling price of smartphones (in 2020 Rs.),Percentage of urban households with atleast one wireless internet connection,,,Percent of businesses with corporate email ID (large business: 101+ employees),Percent of schools with internet facility - Government,,Percent of population using smart home control and connectivity,,,,,,,
,Price of 1GB of mobile data through cheapest option (local currency),Average selling price of smartphones as a percent of annual income per capita,Percentage of rural households with atleast one wireless internet connection,,,Percent of businesses with corporate email ID,Percent of schools with internet facility - Government aided,,Percent of population using blood pressure meters,,,,,,,
,Price of 1GB of mobile data through most cheapest option (PPP adjusted),Gross Capital Formation in Communication & services related to broadcasting (Rs. Crore) (Current Prices) ,Percentage of urban population that are smartphone users,,,Percent of businesses with corporate email ID (Tier 1 towns),Percent of schools with internet facility - Private unaided,,,,,,,,,
,GSMA MCI index score for Device price,Gross Capital Formation in Communication & services related to broadcasting (Rs. Crore) (Constant 2011-12 Prices),Percentage of rural population that are smartphone users,,,Percent of businesses with corporate email ID (Tier 2 towns),Percent of schools with internet facility - Other schools,,,,,,,,,
,Percent of businesses with broadband connection (fixed or mobile),Percentage of businesses with internet connection (small business: 1-10 employees),Percentage of male population that are smartphone users,,,Percent of businesses with corporate email ID (Tier 3 towns),Percent of population with PMJDY accounts,,,,,,,,,
,Percent of businesses with broadband contracted speed of 30 Mbps or more,Percentage of businesses with internet connection (medium business: 11-100 employees),Percentage of female population that are smartphone users,,,Percent of businesses with corporate email ID (Tier 4 towns),Percent of PMJDY accounts that are operative,,,,,,,,,
,Average price of 1 GB data (% of per capita income),Percentage of businesses with internet connection (large business: 101+ employees),Percentage of urban population that are feature phone users,,,Percent of businesses with corporate email ID (Tier 5 towns),,,,,,,,,,
,Price of cheapest smartphone (% of average monthly income),Percentage of businesses with internet connection,Percentage of rural population that are feature phone users,,,Percent of businesses with corporate email ID (Manufacturing),,,,,,,,,,
,Mobile cellular subscriptions (per 100 people),Percent of population actively using the internet,Percentage of male population that are feature phone users ,,,Percent of businesses with corporate email ID (Services),,,,,,,,,,
,Percent of male population that are internet users,Percent of population actively using the internet (rural),Percentage of female population that are feature phone users ,,,"Percent of businesses with corporate email ID (Retail, Food & Dining)",,,,,,,,,,
,Percent of female population that are internet users,Percent of population actively using the internet,Percentage of population doing e-learning,,,Percent of businesses with Social Media Presence (small business: 1-10 employees),,,,,,,,,,
,Gender gap (male-female) in percent of population using the internet,Number of active internet users (urban) (millions),Percentage of population doing social networking,,,Percent of businesses with Social Media Presence (medium business: 11-100 employees),,,,,,,,,,
,,Number of active internet users (rural) (millions),Percentage of population doing e-commerce,,,Percent of businesses with Social Media Presence (large business: 101+ employees),,,,,,,,,,
,,Number of active internet users (millions),Percentage of population doing online work-related activities,,,Percent of businesses with Social Media Presence,,,,,,,,,,
,,,Percentage of population doing e-banking,,,Percent of businesses with Social Media Presence (Tier 1 towns),,,,,,,,,,
,,,Percentage of population engaged in e-healthcare,,,Percent of businesses with Social Media Presence (Tier 2 towns),,,,,,,,,,
,,,Percentage of households where atleast one member knows how to operate a computer,,,Percent of businesses with Social Media Presence (Tier 3 towns),,,,,,,,,,
,,,Percentage of urban households where atleast one member knows how to operate a computer,,,Percent of businesses with Social Media Presence (Tier 4 towns),,,,,,,,,,
,,,Percentage of rural households where atleast one member knows how to operate a computer,,,Percent of businesses with Social Media Presence (Tier 5 towns),,,,,,,,,,
,,,Percentage of households where atleast one member knows how to use the internet,,,Percent of businesses with Social Media Presence (Manufacturing),,,,,,,,,,
,,,Percentage of urban households where atleast one member knows how to use the internet,,,Percent of businesses with Social Media Presence (Services),,,,,,,,,,
,,,Percentage of rural households where atleast one member knows how to use the internet,,,"Percent of businesses with Social Media Presence (Retail, Food & Dining)",,,,,,,,,,
,,,Percentage of urban individuals that that can connect & install new devices,,,,,,,,,,,,,
,,,Percentage of rural individuals that that can connect & install new devices,,,,,,,,,,,,,
,,,Percentage of male individuals that that can connect & install new devices,,,,,,,,,,,,,
,,,Percentage of female individuals that that can connect & install new devices,,,,,,,,,,,,,
,,,Percentage of urban individuals that that can send e-mails with attached files,,,,,,,,,,,,,
,,,Percentage of rural individuals that that can send e-mails with attached files,,,,,,,,,,,,,
,,,Percentage of male individuals that that can send e-mails with attached files,,,,,,,,,,,,,
,,,Percentage of female individuals that that can send e-mails with attached files,,,,,,,,,,,,,