Country,Price of mobile data and voice basket (HC)  (PPP),Price of mobile data and voice basket (LC) (PPP),Price of cheapest smartphone (PPP$),Price of fixed broadband internet (PPP),Median Mobile Download Speeds (Mbps),Median Fixed Broadband Download Speed (Mbps),Number of Internet Users (absolute numbers),Mobile Cellular Subscriptions in millions (absolute numbers),Population covered by LTE (Absolute numbers),Number of smartphone users (million),"Gender gap - Number of women that need to use the internet (or stop using the internet, if negative) to achieve parity in internet penetration rate",Number of internet users (16-64 years) using social media for work related activities,Number of users of digital food delivery platforms (millions),Number of users of digital health applications ,Number of e-commerce users,Number of mobile app downloads,Number of video on demand users,Fixed-broadband Internet traffic (EB),Mobile broadband internet traffic (EB),Number of people who made or received a digital payment,Number of people (age 15 +) who received private sector wages into an account,Value of neo banking transactions (USD),"Received public sector wages: into an account (% of public sector wage recipients, age 15+)",Number of people who received public sector wages into an account (age 15 +),Number of people who received public sector wages into an account (age 15 +),Individuals who received government transfer or pension into an account (age 15 +),ICT Services Export  (million USD),IT market Capitalisation in USD,Venture Capital Investments in AI (millions of USD),"Research in AI (STEM, Model Research, Foudational AI research, Applied AI research, Educational institutions)","Infrastructure for AI (Weighted avg of GPU, supercomputing, semiconductors)",Number of Start-ups,Valuation of Unicorns (Billions of USD),Consumer IoT revenues (billions of USD),AR/ VR revenues (millions of USD),Metaverse revenue (billions of USD),DeFi revenue (millions of USD),Cybersecurity revenue (Bn USD),Number of Secure servers,Ransomware attacks 30 day average,Total number of email leaks (Quarterly average) (2021 Q3- 2024 Q3,Market Size of Green data centres in million $,"Market Size of Environment, Health, and Safety (EHS) software including carbon footprint management",Market Size of Energy Management Software,Market Size of Sustainable Electronics (Smartphones and PCs)**,E-waste generated (million kg),Patents filed (2000-2023) in Smart Grids,Patents filed (2000-2023) in Information/Communication Technologies for Electromobility 
Algeria,24.5,24.5,,39.19,23.56,14.32,,"5,15,22,100.00","4,12,28,257.92",-,,-,6.7,4.18,7,-,18.8,12.6,4.7,,,-,,,,,85.75,,-,,,812,-,0.28,38.4,0.1,-,,"4,630.00",-,"75,327.00",,,,,333,-,-
Argentina,64.02,49.25,279.67,106.73,34.47,91.67,"4,16,29,416.00","6,27,09,200.00","4,55,81,525.64",39.56,"94,222","1,66,93,395.82",23.7,10.65,24.3,2.35,20.3,-,2.04,"2,31,24,505.30","46,24,901.00",46.44,0.82,"46,24,901.00","32,01,855.00","53,36,424.00","2,449.01","1,47,19,54,400.00",9.6,1,0.1,456,2.45,0.64,234.5,0.6,5.5,0.6,"2,48,239.00",139.73,"7,25,509.00",740.7,9.08,13.31,252.97,517,68,25
Australia,19.58,19.58,52.38,52.2,103,75.99,"2,56,79,556.00","2,91,46,000.00","2,65,31,989.82",23.04,"2,68,192","74,72,750.80",12.6,13.43,17.1,0.91,16.2,44.6,4.78,"2,08,30,832.96","1,02,02,860.00",36.13,0.98,"31,88,393.00","31,88,393.00","97,77,738.00","5,402.00","87,21,61,84,000.00",602,14,2.08,"3,003.00",40.96,2.07,"1,245.00",1.1,6,4.04,"12,68,103.00",395.07,"15,27,697.00",507.01,20.19,125,312.74,583,"1,809.00",416
Austria,10.82,10.82,-,16.32,86.64,93.12,"87,41,517.00","1,11,16,000.00","89,49,735.34",8.88,"1,07,220","22,81,535.94",5.2,2.82,4.1,-,4.1,6.53,4.55,"76,67,246.07","24,78,301.76",13.92,,,"7,74,469.30","22,45,960.97","11,138.76",#N/A,90,,0,325,7.61,0.85,190.8,0.3,1.9,,"3,86,100.00",-,"1,23,174.00",,,,,175,236,75
Bangladesh,10.22,7.73,,8.69,27.56,48.06,"7,69,85,000.00","19,08,15,000.00","17,09,24,000.00",0,"1,25,39,381",-,14.3,10.52,10.8,-,56.8,15.2,8.27,,,63.75,,,,,636.69,#N/A,1.5,,0,332,-,0.41,38.2,0.2,-,,"66,558.00",-,"1,67,975.00",,,,,367,-,-
Belgium,20.74,20.74,214.5,30.52,86.92,105.21,"1,12,62,201.00","1,20,98,200.00","1,18,22,592.00",-,"-8,728","25,45,257.43",6.2,5.58,7.4,0.48,7.7,16.7,0.89,"94,57,023.73","38,02,308.51",20.49,,,"14,62,426.35","39,97,298.69","20,139.00",0,63,6,0.86,623,10.08,0.92,162.3,0.3,1.9,0.66,"3,96,567.00",29.6,"2,30,473.00",333.12,4.88,46.23,140.73,252,25,8
Brazil,11.72,11.72,93.59,39.01,78.2,180,"18,70,56,000.00","21,32,95,000.00","19,95,84,000.00",143.43,"-34,10,000","8,77,29,264.00",99.6,27.82,128.3,15.51,128.6,75.8,9.65,"13,24,40,000.00","3,26,80,000.00",454.8,0.99,"86,00,000.00","86,00,000.00","4,30,00,000.00","5,824.78","20,81,01,09,000.00",357,3,0.65,"1,224.00",37.64,3.44,"1,034.00",1.3,15.5,2.96,"11,88,440.00","2,515.41","29,25,038.00","1,654.32",21.67,80.87,"1,114.98","2,443.00",779,323
Canada,35.04,26.42,92.54,47.39,79.17,201.32,"3,78,12,189.00","3,65,42,000.00","3,98,97,272.20",33,"2,01,686","1,16,46,154.21",25.4,20.76,25.2,1.36,22.9,81.3,2.52,"3,23,07,036.18","1,24,88,990.00",109.9,0.98,"55,87,178.00","55,87,178.00","1,41,32,274.00","19,278.43","4,19,41,77,40,000.00","1,847.00",15,2.55,"4,053.00",52.23,2.38,874.3,1.5,7.1,3.83,"17,06,155.00",79.83,"17,49,780.00","2,624.19",90.44,282.3,467.73,774,"1,942.00",603
Chile,16.83,11.88,115.47,45.52,43.73,279.14,"1,77,05,890.00","2,67,10,700.00","1,88,44,406.40",15.55,"1,87,865","80,56,179.95",8,6.37,10,1.54,10.1,30,5.98,"1,35,07,950.96","54,67,503.96",2.31,,,"9,64,853.64","78,79,638.06",588.32,0,20,1,0.09,388,2.5,0.44,136.9,0.2,1.8,0.26,"2,41,803.00",125.3,"5,49,392.00",314.23,5.04,10.35,133.21,230,66,28
China,16.12,10.66,237.77,7.8,115.89,194.79,"1,09,27,50,000.00","1,80,74,40,000.00","1,40,85,90,000.00","1,081.20","55,30,000","46,11,40,500.00",994.7,320.9,945.9,135.2,618.1,"1,880.00",281,"1,00,85,40,000.00","42,12,00,000.00",30.81,,-,-,"12,90,00,000.00","58,096.44","34,71,85,97,20,000.00","18,271.00",54,23.85,709,649.13,51.55,"8,151.00",15.9,-,14.75,"21,27,874.00","12,492.93","1,01,57,048.00","4,549.95",65.26,"1,162.00","7,746.74","12,066.00","34,667.00","15,825.00"
Colombia,18.64,18.64,185.71,47.16,20.01,157.29,"3,75,53,406.00","8,73,65,900.00","5,19,80,997.66",35.15,"-4,22,664","1,72,74,566.76",15,8.73,21.3,2.51,20.3,5.56,3.96,"2,12,66,516.44","53,16,629.11",0.94,,,"16,35,885.88","61,34,572.05","1,626.77",0,68,0,0.03,535,7.4,0.46,125.9,0.3,3,0.32,"58,030.00","5,368.90","7,57,386.00",316.59,4.5,13.76,262.18,388,21,12
Czechia,30.02,19.32,120.08,29.3,83.4,74.01,"1,00,85,347.00","1,36,20,500.00","1,08,51,941.62",8.92,"1,34,086","30,35,689.45",4.7,2.22,5.7,0.4,5.3,16.4,1.24,"84,31,950.40","31,39,556.00",14.79,,,"16,14,628.80","24,21,943.20","7,158.25",0,-,4,0.95,159,1.2,0.4,128.4,0.2,1.5,0.33,"8,70,775.00",32.3,"4,43,734.00",209.21,5.36,14.89,62.76,173,26,7
Denmark,19.43,19.43,211.1,35.08,149.73,230.41,"58,86,888.00","75,02,260.00","59,46,952.00",5.77,"4,939","16,65,989.30",4,2.59,4.5,0.19,3.6,12.5,2.12,"49,56,409.00","24,28,640.41",81.18,,,"8,92,153.62","20,81,691.78","8,884.86",0,177,7,1.02,441,6.7,0.62,160.4,0.3,1.2,0.43,"15,53,715.00",4.24,"1,83,948.00",328.29,6.2,83.37,67.34,131,311,106
"Egypt, Arab Rep.",17.53,9.56,578.4,30.49,25.01,76.43,"8,15,86,000.00","10,63,19,000.00","11,07,40,000.00",67.03,"78,57,778","3,49,18,808.00",20.5,12.03,17.6,2.55,41.8,19.5,4.19,"1,51,24,329.20","22,68,649.38",8.83,,,"22,68,649.38","75,62,164.60","1,450.60",0,11,2,0.14,641,1,0.33,111.4,0.3,5.3,0.16,"6,105.00",336.8,"2,10,366.00",82.86,6.56,10.12,246.63,692,3,1
Ethiopia,7.37,3.88,,32.26,,8.37,-,-,"4,19,10,000.00",0,#VALUE!,-,10.1,9.64,1.8,-,40.6,-,0.66,,,-,,,,,157.07,#N/A,-,,0,61,-,0.3,-,-,0.5,,"2,248.00",-,"7,392.00",,,,,88,-,-
Finland,33.78,24.6,128.63,38.78,109.01,124.37,"54,63,085.00","71,40,000.00","55,84,264.00",4.88,"51,275",-,3,1.92,3.1,0.14,3,5.9,4.49,"46,16,205.72","19,31,269.74",1.54,,,"9,89,186.94","19,78,373.88","11,112.14","50,94,27,40,900.00",90,9,3.53,479,12.46,0.43,109.3,0.2,1.3,0.33,"8,59,188.00",15.77,"2,02,289.00",263.92,5.48,51.14,65.61,118,61,18
France,25.47,25.46,93.26,31.82,105.75,247.35,"6,39,36,857.00","7,74,34,000.00","6,74,88,525.72",56,"3,87,666","1,43,85,792.83",28.8,16.19,30.3,2.81,35.1,-,13.2,"5,53,51,382.52","1,57,50,390.00",372.1,0.99,"50,62,626.00","50,62,626.00","1,29,37,823.00","27,491.02","2,19,35,25,88,000.00","2,027.00",18,2.86,"1,722.00",59.55,4.11,"1,425.00",2,9.3,5.79,"35,56,589.00",126.97,"55,68,244.00","2,841.64",69.05,184,683.33,"1,445.00",598,323
Germany,16.73,16.73,167.24,48.87,57.5,92.65,"7,89,23,334.00","10,54,00,000.00","8,44,82,267.00",69.1,"8,55,735","1,60,21,436.80",44.3,25.14,44.7,2.94,42.8,132,9.12,"7,19,82,082.99","2,60,43,770.00",131,0.96,"1,01,28,132.00","1,01,28,132.00","1,59,15,636.00","48,339.69","6,19,28,30,56,000.00","2,159.00",16,5.27,"2,522.00",80.75,6.83,"1,954.00",2.9,14.3,7.54,"1,16,57,953.00",603.33,"26,05,755.00","4,193.21",101.21,872.1,786.85,"1,767.00","2,714.00","3,070.00"
Greece,21.51,17.36,137.3,42.85,77.36,49.31,"89,34,545.00","1,13,48,300.00","1,03,40,572.41",0,"23,346","40,47,348.89",3,4.1,3.1,-,5.1,11.7,1.55,"81,82,316.87","27,87,382.67",13.09,,,"6,29,408.99","38,66,369.51","1,494.03",#N/A,8.9,,0,186,3.32,0.31,83.2,0.1,3.2,,"1,48,068.00",-,"1,43,307.00",,,,,194,9,1
"Hong Kong SAR, China",9.45,5.43,,29.4,65.09,296.97,-,"2,37,79,100.00","74,60,739.00",0,"77,306",#VALUE!,4,2.56,3.8,-,4.4,12.4,2.06,,,-,,,,,"3,977.66",#N/A,-,,0,424,9.05,0.49,167.8,0.4,0.5,,"9,88,939.00",-,"2,31,891.00",,,,,161,189,63
Hungary,31.13,19.93,,19.52,54.88,185.94,"88,03,502.00","1,01,76,100.00","95,13,153.02",0,"-34,129","29,75,583.68",3.6,2.39,3.3,-,5.2,8.89,1.34,,,7,,,,,"3,549.47",#N/A,4.6,,0,318,-,0.29,85.8,0.1,1.4,,"5,15,271.00",-,"1,76,280.00",,,,,138,74,39
India,7.37,7.37,252.67,22.39,95.67,63.43,"83,52,00,000.00","1,16,00,00,000.00","1,41,14,10,000.00",687.12,"3,46,00,000","36,41,47,200.00",386,126.5,238.3,39.81,396.6,101,190,"37,10,00,000.00","6,36,00,000.00",113.6,0.73,"2,12,00,000.00","2,12,00,000.00","10,60,00,000.00","1,62,589.00","9,29,90,07,24,000.00","2,077.00",10,1.28,"17,406.00",196.18,5.01,789,2.1,49.2,2.87,"13,89,294.00",543.57,"71,18,029.00",779.24,50.51,213.3,"2,503.20","4,137.00",87,32
Indonesia,10.02,6.54,249.33,57.27,29.34,32.1,"19,37,60,000.00","35,21,57,000.00","27,02,16,000.00",168.41,"80,00,000","8,07,97,920.00",104.4,40.81,65.7,10.05,83.8,84.3,29.2,"7,66,32,000.00","1,44,20,000.00",39.85,0.48,"41,20,000.00","41,20,000.00","2,67,80,000.00","2,773.69","57,38,42,94,000.00",357,7,0.21,"2,649.00",30.43,1.88,397.7,0.9,13.6,2.39,"7,65,509.00","1,028.73","25,19,800.00",400.75,21.44,21.34,764.28,"1,886.00",1,1
"Iran, Islamic Rep.",-,-,,-,37.88,15.66,,"15,06,64,000.00","8,11,47,217.97",0,#VALUE!,-,12.7,13.35,16.2,-,39.9,5.92,14.1,,,32.84,,,,,-,#N/A,-,,0,272,-,0.53,-,-,6,,"5,97,959.00",-,"98,564.00",,,,,817,-,-
Iraq,28.75,28.75,,57.5,34.73,33.51,,"4,57,00,000.00","4,45,94,468.80",0,"28,14,560",-,5,5.67,9.7,-,14.8,14,0.2,,,-,,,,,162.5,#N/A,0.02,,0,12,-,0.31,-,-,1.7,,"1,967.00",-,"33,165.00",,,,,267,-,-
Ireland,19.15,19.15,67.75,33.51,42.53,138.96,"49,19,275.00","57,57,780.00","48,41,391.44",4.67,0,"15,39,733.08",2,3.37,2.5,0.2,3.1,2.13,0.34,"40,77,458.56","14,56,235.20",62.46,,,"4,57,673.92","14,97,841.92","2,36,713.00","30,84,31,200.00",188,5,2.24,490,10.05,0.83,136.6,0.2,1.7,0.56,"7,96,381.00",10.07,"1,58,050.00",201.16,8.01,10.45,23.05,103,16,1
Israel,8.49,8.49,,23.11,43.53,211.64,,-,"94,63,999.00",0,#VALUE!,#VALUE!,3.8,4.92,3.9,-,5.6,-,1.87,,,12.54,,,,,"49,540.10",#N/A,"1,992.00",,0,993,54.32,0.66,117.6,0.2,1.9,,"1,27,299.00",-,"2,39,497.00",,,,,148,172,79
Italy,20.98,20.98,178.72,36.25,54.37,83.9,"5,15,39,401.00","7,84,62,900.00","5,87,61,146.00",46.54,"5,71,706","1,43,79,492.88",26.6,14.85,19.5,2.24,35.1,61.2,14,"4,93,76,080.65","1,39,16,010.00",156.6,0.97,"25,77,040.00","25,77,040.00","1,59,77,646.00","10,469.00","9,86,61,81,600.00",131,7,2.19,980,2,3.43,"1,001.00",1.4,9.3,2.85,"17,83,922.00",927.77,"14,57,124.00","1,481.33",56.21,97.2,617.03,"1,124.00",156,74
Japan,50.42,38.96,141.26,35.87,50.06,196.27,"11,75,00,000.00","21,87,96,000.00","12,07,50,000.00",98,"37,12,524","1,13,97,500.00",54.1,33.43,75.6,2.77,54.2,151,28.9,"10,63,38,000.00","5,99,40,000.00",250.5,0.97,"44,40,000.00","44,40,000.00","5,88,30,000.00","11,724.46","13,16,00,69,16,000.00","1,384.00",8,10.32,612,9.82,5.95,"2,358.00",3.9,10.3,9.37,"39,47,391.00",488.37,"12,83,760.00","2,574.53",25.28,455.8,"1,063.28","2,638.00","10,136.00","5,933.00"
Kazakhstan,34.49,25.64,,27.42,54.12,62.4,,"2,58,42,600.00","1,73,72,854.52",0,"2,34,007",-,2.6,3.45,5.3,-,10.2,9.17,5.82,,,-,,,,,732.43,#N/A,-,,0,16,-,0.36,-,-,0.8,,"1,18,202.00",-,"1,64,509.00",,,,,196,1,-
Kenya,13.99,7,119.24,64.83,30.36,13.96,"2,24,81,039.00","6,67,45,700.00","5,34,47,568.42",0,"55,59,277","94,42,036.38",19.2,4.01,3.5,-,13.7,1.84,1.1,"2,62,06,340.94","60,47,617.14",0.26,,,"16,79,893.65","30,23,808.57","1,041.12",#N/A,15,,0,345,-,0.13,23.5,0.1,0.3,,"16,443.00",-,"34,333.00",,,,,88,-,-
Malaysia,19.83,14.95,-,61.32,104.8,120.8,"3,35,19,429.00","5,01,36,500.00","3,33,13,577.78",0,"1,59,992","1,41,45,199.04",16.3,7.95,10.7,-,18.9,13.2,13.2,"2,11,50,858.81","85,67,436.48",21.03,,,"18,74,126.73","1,09,77,027.99","4,031.61",#N/A,61,,0,347,1.7,0.56,107.7,0.2,2.3,,"2,83,909.00",-,"4,65,450.00",,,,,411,104,63
Mexico,14.47,14.47,101.22,29.71,32.39,80.33,"10,19,00,000.00","13,96,13,000.00","12,40,32,000.00",81.27,"-2,74,643","4,34,09,400.00",44.4,20.72,74.1,7,68.7,79.8,8.73,"4,23,52,889.92","1,15,50,790.00",12.55,0.8,"38,50,262.72","38,50,263.00","86,63,091.00","1,641.09","47,29,99,17,000.00",177,1,0.62,564,18.7,2.36,771.3,0.9,7.7,3.02,"53,468.00",558.6,"8,34,449.00",321.2,17.64,63.17,553.01,"1,499.00",551,205
Morocco,14.76,25.02,94.49,24.77,42.58,31.47,"3,33,37,079.00","5,58,73,000.00","3,76,13,003.74",0,#VALUE!,"1,30,68,134.97",9.8,3.95,7.5,-,11.1,7.56,4.33,"82,41,776.10","19,23,081.09",2.45,,,"5,49,451.74","27,47,258.70","2,320.46",#N/A,3.5,,0,114,-,0.17,42.3,0.1,0.9,,"21,406.00",-,"3,21,917.00",,,,,177,29,6
Netherlands,18.62,17.42,144.3,51.05,142.84,191.86,"1,77,48,968.00","2,12,32,000.00","1,77,00,693.12",17.22,"1,96,871","48,98,715.17",12.1,5.59,10.5,0.71,10.4,-,2.04,"1,48,33,867.95","67,42,667.25",83.21,,,"16,48,207.55","50,94,459.70","26,420.33","8,13,79,77,92,000.00",338,10,8.47,"1,167.00",22.26,1.7,415,0.7,3,2.8,"34,85,374.00",52.2,-,690.04,10.56,206.9,225.74,387,46,25
Nigeria,11.92,8.02,163.85,69.9,18.44,21.87,"12,40,96,000.00","22,44,13,000.00","18,86,08,000.00",96.18,"2,11,00,000","4,85,21,536.00",51.2,17.93,17.7,0.65,27.7,0,0.71,"4,40,41,445.76","90,67,356.48","5,601.00",,,"25,90,673.28",,190.26,"4,81,88,35,300.00",2.9,1,0.01,812,2,0.4,83.7,0.3,12.2,0.14,"10,847.00",27.3,"1,72,823.00",412.94,6.84,10.62,502.83,497,-,-
Norway,29.02,29.02,,77.56,139.37,138.36,"55,09,107.00",-,"55,14,074.41",0,0,"18,06,987.10",3.5,3.09,4.1,-,4,-,0.91,,,"8,836.00",,,,,"4,255.75",#N/A,182,,0,308,4.5,0.82,182.8,0.3,1.6,,"2,08,172.00",-,"1,47,101.00",,,,,145,69,26
Pakistan,8.54,8.54,,55.28,20.61,15.6,,"18,94,39,000.00","19,12,80,000.00",0,"2,38,00,000",-,54.1,13.78,6.9,3.51,19.2,12.1,11.7,,,918.1,,,,,"2,717.00",#N/A,8.5,,0,689,-,0.32,37.9,0.2,12.7,,"28,057.00",-,"2,70,549.00",,,,,559,-,-
Peru,14.76,14.76,,42.12,22.05,185.54,"2,44,24,783.00","4,12,83,200.00","2,78,60,055.11",0,"7,45,947",-,6.9,4.26,14.2,-,12.8,4.65,6.01,,,646.1,,,,,130.87,#N/A,1,,0,707,-,0.37,46.6,0.2,2.2,,"25,376.00",-,"3,97,408.00",,,,,221,11,7
Philippines,17.75,17.75,-,86.15,35.24,93.85,"8,55,27,000.00","13,47,39,000.00","11,17,35,000.00",0,0,"3,72,04,245.00",32.6,12.37,14.3,3.42,61.5,-,10.9,"3,46,31,101.78","96,64,493.52","8,301.00",,,"24,16,123.38","64,42,995.68","7,098.06",#N/A,3,,0,319,1,0.63,181.6,0.3,4.9,,"35,099.00",-,"12,89,654.00",,,,,537,103,54
Poland,14.59,14.59,,29.18,61.66,167.46,"3,23,23,902.00","5,23,86,600.00","3,66,85,849.00",0,"-1,11,793","93,41,607.68",15.4,7.26,14.3,-,18.5,61.6,8.8,,,21.83,,,,,"16,412.00",#N/A,15,,0,551,-,1.25,208.8,0.4,4,,"13,69,941.00",-,"9,18,220.00",,,,,517,279,104
Portugal,15.6,14.01,,38.98,85.12,182.62,"90,91,795.00","1,28,29,900.00","1,05,25,347.00",0,"90,604","34,27,606.72",4,2.94,2.8,-,6.1,15.5,1.18,,,39.61,,,,,"4,544.00",#N/A,45,,0,413,-,0.34,76,0.2,1.7,,"3,05,997.00",-,"4,63,673.00",,,,,183,137,46
Romania,14.48,14.48,,14.76,63.44,220.66,"1,74,47,780.00","2,36,00,000.00","1,88,46,498.72",0,"1,44,064","55,65,841.82",6.1,6.05,6.4,-,10,18.4,2.45,,,0.72,,,,,"11,130.26",#N/A,173,,0,294,-,0.47,71.8,0.2,2.8,,"5,11,496.00",-,"2,37,606.00",,,,,250,13,7
Russia,18.54,11.17,80.21,17.47,25.69,89,"13,28,32,800.00","24,33,31,200.00","13,33,44,000.00",106.44,"2,61,733","3,49,35,026.40",41.7,23.74,44.9,6.88,87.5,91.1,35.4,"10,31,32,000.00","3,42,20,000.00",827,0.93,"47,20,000.00","47,20,000.00","4,83,80,000.00","2,883.55","53,75,25,45,600.00",0,3,0.62,659,-,2.42,552.3,0.9,12.3,3.55,"33,94,814.00","6,042.79","2,44,07,111.00","1,392.39",34.48,119.8,554.84,"1,910.00",538,317
Saudi Arabia,54.67,24.97,427.15,181.71,121.94,114.37,"3,69,47,025.00","5,24,82,900.00","3,69,47,025.00",35.84,0,"1,40,02,922.48",22.6,10.32,11.1,2.94,13.8,108,29.9,"1,98,16,975.19","94,36,655.00",11.4,0.89,"45,83,518.00","45,83,518.00","32,35,425.00","1,694.78","3,32,17,75,98,000.00",26,3,1.03,171,-,1.41,107.6,0.3,3.8,0.45,"14,342.00",376.7,"3,08,726.00",646.38,28.83,22.57,186.34,617,14,5
Singapore,15.14,15.14,265.18,53.91,123.73,316.99,"57,34,201.00","96,51,100.00","59,17,648.00",5.67,"16,742","17,43,197.10",3.9,1.94,3.5,-,3.5,-,0.98,"47,12,267.90","26,28,949.46",17.08,,,"2,48,014.10","9,92,056.40","25,665.44","1,28,82,70,88,000.00","2,014.00",25,13.65,"1,259.00",94.71,0.59,150.8,0.2,1.8,0.52,"13,53,061.00","1,675.30","2,83,030.00",160.57,7.12,9.16,80.64,121,254,93
South Africa,42.7,19.47,101.05,54.36,52.69,48.13,"4,55,82,105.00","10,84,15,000.00","5,98,10,350.05",35.64,"-15,48,126","2,36,57,112.50",20.6,9.52,10.4,1.09,19.1,6.71,3.48,"3,68,88,347.97","1,23,26,550.00",2.48,0.97,"91,30,779.00","91,30,779.00","1,32,39,630.00","1,336.29","63,72,02,16,000.00",123,1,0.04,511,2.59,0.67,99.2,0.3,2.9,0.63,"9,34,721.00",80.1,"2,90,115.00",556.32,23.5,31.36,230.76,527,202,51
South Korea,27.49,22.72,330.36,35.79,146.42,168.13,"5,04,71,516.00","8,38,91,800.00","5,16,60,906.38",49.64,"3,59,792","78,73,556.50",34.9,18.48,30.7,2.15,23.9,118,11.8,"4,19,37,829.92","2,18,24,790.00",120.5,0.98,"34,23,496.00","34,23,496.00","2,99,55,593.00","13,971.40","8,01,95,52,80,000.00","2,211.00",11,10.19,365,33.1,2.47,913.4,1.5,6.4,3.4,"5,03,079.00",329.73,"7,69,323.00","1,104.09",42.66,399.9,579.88,930,"5,300.00","2,930.00"
Spain,14.52,14.52,123.77,39.21,49.45,217.92,"4,64,19,053.00","6,11,90,500.00","4,82,28,215.99",41.8,"-81,978","1,53,18,287.49",18.4,21.27,18.7,2,29.6,72.1,7.86,"4,04,40,522.22","99,03,801.36",98.01,,,"49,51,900.68","1,23,79,751.70","22,023.67","99,43,21,70,000.00",287,6,1.43,"1,543.00",7.15,2.12,749.6,0.9,7.6,3.08,"13,89,353.00",394.5,"22,31,759.00",680.72,11.71,80.19,376.83,935,839,305
Sweden,21.15,11.58,226.59,58.34,101.84,154.48,"1,03,33,275.00","1,48,09,200.00","1,05,36,632.00",0,"10,606","31,41,315.60",6.9,4.1,7.2,-,7.3,-,3.6,"85,66,372.98","37,20,747.86",25.73,,,"21,63,225.50","43,26,451.00","22,008.21",#N/A,"1,988.00",,0,741,21.62,1.49,326.3,0.4,1.9,,"5,58,403.00",-,"3,76,544.00",,,,,221,47,39
Switzerland,40.34,15.93,151.84,51.95,99.22,214.8,"87,89,673.00","1,09,00,000.00","88,49,852.00",0,"76,387","24,08,370.40",4,4.88,5.3,-,5.1,9,2.15,"73,05,257.12","21,61,759.76",63.94,,,"5,21,804.08","11,92,695.04","18,499.69",#N/A,314,,0,836,12.3,1.4,285.6,0.5,2.3,,"14,54,404.00",-,"1,99,699.00",,,,,204,37,16
Thailand,33.06,12.15,182.38,53.14,56.55,236.12,"6,42,62,145.00","12,09,21,000.00","7,10,83,266.21",57.75,"7,16,697","1,84,43,235.62",29,11.77,16.3,3.31,22.2,35.2,25.8,"5,58,11,285.72","2,00,19,265.53",21.45,,,"24,26,577.64","4,42,85,041.93",463.74,"1,63,78,02,05,000.00",24,1,0.76,196,3.5,0.63,254.1,0.3,3.8,0.37,"2,15,289.00",124.23,"3,79,128.00",311.02,5.66,9.74,245.98,753,-,-
Turkey,20.14,19.74,412.56,43.11,49.32,47.27,"7,37,89,925.00","9,22,00,000.00","8,50,70,022.00",71.18,"32,77,360","2,76,71,221.88",44.6,16.75,22.4,5.85,28.6,54.7,13.4,"4,45,49,664.84","1,31,02,840.00",49.44,0.9,"26,20,569.00","26,20,569.00","1,50,68,269.00","3,446.00","24,69,00,83,500.00",38,3,0.36,592,13.55,1.52,216,0.6,12.9,0.4,"8,43,190.00",278.73,"10,06,436.00",456.76,15.23,30.8,751.1,"1,077.00",35,9
Ukraine,18.45,18.45,,30.58,30.32,82.63,,"5,03,28,100.00","3,36,70,000.00",0,#VALUE!,-,4.3,4.17,8.2,-,11.5,-,-,,,6.74,,,,,"6,884.00",#N/A,2.5,,0,381,-,0.27,32.5,0.1,1.2,,"3,73,112.00",-,"6,34,162.00",,,,,"1,652.00",948,348
United Arab Emirates,36.58,16.46,,29.41,428.53,300.54,"94,21,702.00","2,12,22,800.00","94,97,837.26",0,0,"46,07,212.28",4.5,2.23,4.4,-,6.4,29.7,3.64,,,0.62,,,,,-,#N/A,70,,0,"1,331.00",5.05,0.53,128.7,0.2,2,,"22,222.00",-,"2,32,418.00",,,,,385,13,3
United Kingdom,12.62,12.62,41.7,41.65,56.34,117.49,"6,83,50,000.00","8,43,40,000.00","6,82,81,650.00",56.93,0,"1,89,32,950.00",45.1,30.68,50.3,2.92,44.2,181,10.9,"5,48,31,512.38","1,16,07,480.00",995,0.97,"88,43,792.00","88,43,792.00","2,54,25,903.00","49,739.87","1,17,77,99,67,000.00","3,085.00",23,4.59,"7,492.00",189.67,4.3,"1,458.00",3,12.4,10.99,"32,43,401.00",404.67,"27,27,247.00","2,952.45",125.52,599.2,952.68,"1,652.00",948,348
United States,48.96,48.96,79.99,54.39,116.75,253.34,"32,35,20,000.00","38,61,78,000.00","33,36,60,000.00",316.2,"-16,90,000","8,99,38,560.00",247.2,190.5,273.5,17.09,208.3,-,100,"25,38,90,000.00","9,82,80,000.00","1,785.00",0.92,"4,09,50,000.00","4,09,50,000.00","8,19,00,000.00","70,630.00","2,24,85,60,00,00,000.00","54,836.00",100,27.6,"81,929.00","2,052.66",76.95,"10,900.00",23,73.3,81.37,"6,28,79,335.00",-,"7,82,55,163.00","18,904.62",770.93,"2,640.00","5,092.96","7,188.00","18,080.00","9,238.00"
Uzbekistan,8.36,8.36,,36.8,38.97,76.12,,"3,75,07,100.00","3,34,99,362.00",21.75,"6,92,17,726",-,3.7,3.01,6.7,-,14.4,6,2.91,,,1.36,,,,,440.97,,-,,,4,-,0.16,-,-,0.4,,"29,373.00",-,"39,764.00",,,,,128,-,-
Viet Nam,13.78,12.46,-,23.85,71.23,153.21,"7,72,08,840.00","13,14,53,000.00","9,87,60,091.05",79.03,"22,10,38,463","3,28,90,965.84",28.3,14.91,27,3.39,24.2,86.3,12.5,,,9.12,,,,,-,,25,,,217,5.27,0.6,123,0.2,7.7,,"5,27,482.00",-,"5,95,110.00",,,,,516,-,-
