status,column_2025,column_2026,note
both,AR/ VR revenues (millions of USD),AR/ VR revenues (millions of USD),
both,DeFi revenue (millions of USD),DeFi revenue (millions of USD),
both,E-waste generated (million kg),E-waste generated (million kg),
both,Fixed-broadband Internet traffic (EB),Fixed-broadband Internet traffic (EB),
both,ICT Services Export  (million USD),ICT Services Export  (million USD),
both,IT market Capitalisation in USD,IT market Capitalisation in USD,
both,Median Fixed Broadband Download Speed (Mbps),Median Fixed Broadband Download Speed (Mbps),
both,Median Mobile Download Speeds (Mbps),Median Mobile Download Speeds (Mbps),
both,Mobile Cellular Subscriptions in millions (absolute numbers),Mobile Cellular Subscriptions in millions (absolute numbers),
both,Mobile broadband internet traffic (EB),Mobile broadband internet traffic (EB),
both,Number of Internet Users (absolute numbers),Number of Internet Users (absolute numbers),
both,Number of Secure servers,Number of Secure servers,
both,Number of Start-ups,Number of Start-ups,
both,Number of e-commerce users,Number of e-commerce users,
both,Number of internet users (16-64 years) using social media for work related activities,Number of internet users (16-64 years) using social media for work related activities,
both,Number of smartphone users (million),Number of smartphone users (million),
both,Number of users of digital food delivery platforms (millions),Number of users of digital food delivery platforms (millions),
both,Number of users of digital health applications,Number of users of digital health applications,
both,Number of video on demand users,Number of video on demand users,
both,Population covered by LTE (Absolute numbers),Population covered by LTE (Absolute numbers),
both,Price of cheapest smartphone (PPP$),Price of cheapest smartphone (PPP$),
both,Price of fixed broadband internet (PPP),Price of fixed broadband internet (PPP),
both,Price of mobile data and voice basket (HC)  (PPP),Price of mobile data and voice basket (HC)  (PPP),
both,Price of mobile data and voice basket (LC) (PPP),Price of mobile data and voice basket (LC) (PPP),
both,Ransomware attacks 30 day average,Ransomware attacks 30 day average,
both,"Gender gap - Number of women that need to use the internet to achieve parity in internet penetration rate","Gender gap - Number of women that need to use the internet to achieve parity in internet penetration rate",
near_match,Valuation of Unicorns (Billions of USD),Valuation of Unicorns (Millions of USD),unit: Billions -> Millions
near_match,Total number of email leaks (Quarterly average) (2021 Q3- 2024 Q3,Total number of email leaks (Quarterly average) (2022 Q3 - 2025 Q3),period: 2021Q3-2024Q3 -> 2022Q3-2025Q3
near_match,Patents filed (2000-2023) in Smart Grids,Patents filed (2000-2024) in Smart Grids,period: 2000-2023 -> 2000-2024
near_match,Patents filed (2000-2023) in Information/Communication Technologies for Electromobility,Patents filed (2000-2024) in Information/Communication Technologies for Electromobility,period: 2000-2023 -> 2000-2024; trailing source URL added
near_match,Metaverse revenue (billions of USD),Metaverse revenue (millions of USD),unit: billions -> millions
near_match,Cybersecurity revenue (Bn USD),Cybersecurity revenue (Mn USD),unit: Bn -> Mn
near_match,Consumer IoT revenues (billions of USD),Consumer and Industrial IoT revenues (millions of USD),unit billions->millions; scope expanded to include Industrial
possible_match,Venture Capital Investments in AI (millions of USD),Total AI Private Investment in Millions,AI VC vs total AI private investment; related
only_2025,Individuals who received government transfer or pension into an account (age 15 +),,
only_2025,Value of neo banking transactions (USD),,
only_2025,Number of mobile app downloads,,
only_2025,Number of people (age 15 +) who received private sector wages into an account,,
only_2025,"Infrastructure for AI (Weighted avg of GPU, supercomputing, semiconductors)",,
only_2025,Market Size of Energy Management Software,,
only_2025,"Market Size of Environment, Health, and Safety (EHS) software including carbon footprint management",,
only_2025,Market Size of Green data centres in million $,,
only_2025,Market Size of Sustainable Electronics (Smartphones and PCs)**,,
only_2025,Number of people who made or received a digital payment,,
only_2025,Number of people who received public sector wages into an account (age 15 +),,
only_2025,"Received public sector wages: into an account (% of public sector wage recipients, age 15+)",,
only_2025,"Research in AI",,
only_2026,,AAL by Climate (Million USD) for the Telecom Sector- Existing Climate,
only_2026,,Consumer Spend on Mobile Apps (millions USD),
only_2026,,Number of mobile money and internet banking transactions,
only_2026,,"Number of people who received public sector wages (% of public sector wage recipients, age 15 +) per 1000 adults",
only_2026,,AI Infrastructure,
only_2026,,AI Innovation - Research,
only_2026,,AI Research and Development- score,
only_2026,,AI Talent Pillar Score,
only_2026,,AI commercial,
only_2026,,Apps and Platforms,
only_2026,,Compute Capacity (Rmax) in Millions,
only_2026,,Compute capacity,
only_2026,,Count,
only_2026,,Country,identifier column; blank header in 2025
only_2026,,Crypto Index Score,
only_2026,,Development: Open Source models score,
only_2026,,Drones revenue (millions of USD),
only_2026,,Employment: ICT sector (thousands),
only_2026,,Employment: ICT services (thousands),
only_2026,,"Net electricity production from Renewables (Hydro, Geo, Solar, Wind, Other) (GWh)",
only_2026,,Newly Funded AI Companies,
only_2026,,Number of AI users,
only_2026,,Number of energy and digital startups,
only_2026,,Number of mobile money and internet banking transactions per 1000 adults,
only_2026,,Open Data Score,
only_2026,,Public trust score,
only_2026,,Ransomware victims,
only_2026,,Relative AI Skill Penetration,
only_2026,,Responsible AI - Conference Submissions on RAI Topics (Total),
only_2026,,Robotics revenue (millions of USD),
only_2026,,Safety and security,
only_2026,,Total digitally delivered services (million USD),
only_2026,,Total funding till date of Startups having their Head Quarters or atleast one office location in India (Millions of USD),
only_2026,,Total renewable energy production (GWh),
only_2026,,Users of Digital Payments (in millions),
only_2026,,VC investments in AI and environmental sustainability by country (USD million),
only_2026,,Value of digital payment transactions (millions of dollars),
