rank,country,ncsi_score
1,Albania,98.33
107,Algeria,36.67
61,Andorra,69.17
115,Angola,31.67
140,Antigua and Barbuda,16.67
60,Argentina,70.00
103,Armenia,38.33
25,Australia,85.00
24,Austria,85.00
29,Azerbaijan,83.33
68,Bahrain,65.00
66,Bangladesh,66.67
36,Belgium,81.67
144,Belize,14.17
77,Benin,59.17
89,Bhutan,51.67
117,Bolivia,30.83
102,Bosnia and Herzegovina,39.17
100,Botswana,40.83
57,Brazil,71.67
38,Bulgaria,80.83
122,Burkina Faso,27.50
153,Burundi,5.00
87,Cabo Verde,55.00
130,Cambodia,24.17
112,Cameroon,34.17
34,Canada,82.50
126,Chad,25.00
22,Chile,85.00
63,China,69.17
84,Colombia,56.67
104,Comoros,37.50
124,Congo,25.83
132,Congo (Democratic Republic of the),21.67
72,Costa Rica,61.67
33,Croatia,82.50
30,Cyprus,83.33
11,Czechia,89.17
15,Denmark,89.17
43,Dominican Republic,79.17
101,Ecuador,40.83
78,Egypt,58.33
5,Estonia,94.17
125,Eswatini,25.83
75,Ethiopia,60.00
110,Fiji,35.00
2,Finland,95.83
13,France,89.17
54,Georgia,72.50
23,Germany,85.00
70,Ghana,63.33
21,Greece,85.00
139,Guatemala,19.17
121,Guinea,28.33
154,Haiti,4.17
131,Honduras,23.33
6,Hungary,93.33
49,Iceland,78.33
51,India,75.83
95,Indonesia,47.50
128,Iraq,24.17
59,Ireland,70.83
10,Italy,90.00
96,Jamaica,45.83
35,Japan,82.50
3,Jordan,95.00
44,Kazakhstan,79.17
56,Kenya,71.67
113,Kiribati,32.50
32,Korea (Republic of),83.33
92,Kosovo,50.00
97,Kuwait,44.17
76,Kyrgyz Republic,60.00
120,Lao PDR,29.17
18,Latvia,87.50
134,Lebanon,21.67
145,Liberia,13.33
127,Libya,25.00
64,Liechtenstein,68.33
4,Lithuania,95.00
50,Luxembourg,77.50
151,Madagascar,10.83
55,Malaysia,72.50
119,Maldives,30.00
149,Mali,11.67
81,Malta,58.33
114,Marshall Islands,31.67
137,Mauritania,19.17
86,Mauritius,55.83
71,Mexico,61.67
155,Micronesia (Federated States of),4.17
8,Moldova,90.83
83,Monaco,57.50
62,Mongolia,69.17
47,Montenegro,78.33
53,Morocco,74.17
108,Mozambique,35.83
99,Myanmar,41.67
150,Naoero,10.83
37,Netherlands,81.67
69,New Zealand,65.00
136,Nicaragua,20.83
52,Nigeria,74.17
27,North Macedonia,84.17
45,Norway,79.17
80,Oman,58.33
94,Pakistan,48.33
156,Palau,3.33
79,Panama,58.33
98,Papua New Guinea,42.50
65,Peru,68.33
85,Philippines,55.83
9,Poland,90.00
20,Portugal,85.83
74,Qatar,60.83
7,Romania,92.50
67,Rwanda,65.00
147,Saint Kitts and Nevis,12.50
152,Saint Lucia,6.67
135,Samoa,20.83
138,San Marino,19.17
48,Saudi Arabia,78.33
106,Senegal,37.50
39,Serbia,80.83
116,Seychelles,31.67
118,Sierra Leone,30.00
26,Singapore,85.00
17,Slovakia,87.50
12,Slovenia,89.17
146,Solomon Islands,13.33
90,South Africa,51.67
14,Spain,89.17
133,Suriname,21.67
19,Sweden,86.67
46,Switzerland,79.17
141,Tajikistan,15.83
82,Tanzania,57.50
111,The Bahamas,35.00
157,Timor-Leste,2.50
91,Togo,50.83
93,Tonga,48.33
109,Trinidad and Tobago,35.83
42,Tunisia,79.17
58,Türkiye,71.67
143,Turkmenistan,14.17
148,Tuvalu,11.67
73,Uganda,60.83
16,Ukraine,88.33
31,United Arab Emirates,83.33
41,United Kingdom,80.00
28,United States,84.17
40,Uruguay,80.83
88,Uzbekistan,55.00
105,Vanuatu,37.50
142,Vatican City,14.17
129,Venezuela,24.17
123,Zimbabwe,26.67
