Pillar,Sub -Pillar,#,Indicator,,Old Weights,New Weights,Algeria,Argentina,Australia,Austria,Bangladesh,Belgium,Brazil,Bulgaria,Canada,Chile,China,Colombia,Costa Rica,Croatia,Czechia,Denmark,Dominican Republic,Ecuador,Egypt,Ethiopia,Finland,France,Germany,Ghana,Greece,Guatemala,Hungary,India,Indonesia,Iraq,Ireland,Israel,Italy,Japan,Kazakhstan,Kenya,Kuwait,Malaysia,Mexico,Morocco,Netherlands,New Zealand,Nigeria,Norway,Pakistan,Peru,Philippines,Poland,Portugal,Qatar,Republic of Korea,Romania,Russian Federation,Rwanda,Saudi Arabia,Serbia,Singapore,Slovakia,South Africa,Spain,Sri Lanka,Sweden,Switzerland,Thailand,Türkiye,Ukraine,UAE,UK,USA,Uzbekistan,Viet Nam,,CoV
CONNECT,Affordability,1.00,Price of mobile data and voice basket (HC) PPP,,0.29,0.25,69.57,84.78,93.48,100.00,76.09,95.65,89.13,91.30,93.48,93.48,91.30,78.26,86.96,95.65,86.96,95.65,45.65,56.52,63.04,0.00,91.30,97.83,100.00,21.74,86.96,41.30,78.26,76.09,78.26,54.35,97.83,97.83,93.48,89.13,78.26,15.22,91.30,93.48,73.91,56.52,93.48,89.13,30.43,93.48,58.70,80.43,52.17,95.65,95.65,97.83,89.13,95.65,89.13,23.91,89.13,71.74,100.00,80.43,23.91,95.65,91.30,95.65,93.48,80.43,91.30,73.91,84.78,97.83,89.13,84.78,82.61,,0.29
,,2.00,Price of mobile data and voice basket (LC) PPP,,0.29,0.25,48.15,74.07,88.89,100.00,62.96,92.59,81.48,74.07,88.89,85.19,92.59,62.96,77.78,92.59,77.78,100.00,59.26,11.11,81.48,44.44,92.59,96.30,100.00,81.48,81.48,0.00,81.48,70.37,59.26,22.22,96.30,96.30,88.89,85.19,62.96,59.26,85.19,85.19,74.07,77.78,96.30,96.30,7.41,88.89,55.56,66.67,48.15,92.59,92.59,100.00,85.19,92.59,92.59,3.70,92.59,92.59,100.00,77.78,66.67,92.59,92.59,96.30,92.59,66.67,85.19,55.56,92.59,96.30,81.48,74.07,66.67,,0.31
,,3.00,Price of cheapest smartphone in USD PPP,,0.14,0.25,56.52,69.57,95.65,-,84.78,100.00,86.96,84.78,97.83,84.78,67.39,71.74,91.30,93.48,95.65,93.48,84.78,39.13,54.35,-,97.83,100.00,91.30,-,93.48,89.13,89.13,32.61,-,69.57,100.00,95.65,95.65,93.48,80.43,30.43,95.65,-,91.30,67.39,93.48,100.00,-,97.83,-,73.91,45.65,93.48,95.65,97.83,86.96,78.26,91.30,23.91,82.61,84.78,97.83,91.30,91.30,91.30,13.04,93.48,97.83,76.09,82.61,58.70,100.00,95.65,95.65,0.00,65.22,,0.28
,,4.00,"Fixed (broadband) internet price, USD PPP",,0.29,0.25,90.00,72.17,96.52,98.26,96.09,97.39,91.74,96.96,93.91,93.48,99.57,88.70,88.70,99.57,96.96,98.26,92.61,81.30,90.43,47.39,96.96,97.39,98.26,85.22,94.78,76.96,97.39,90.43,90.00,78.26,98.70,98.26,11.86,96.96,97.83,47.83,99.13,91.74,93.91,88.26,97.83,96.96,33.91,96.09,83.91,89.13,83.04,97.83,98.26,94.35,97.39,99.57,99.13,0.00,100.00,92.17,97.39,97.83,86.52,98.26,98.26,96.52,97.39,90.43,95.65,89.13,99.13,96.96,97.83,95.65,93.48,,0.21
,Quality,5.00,Median Mobile Download Speeds (Mbps),,0.50,0.50,6.15,7.47,16.84,15.23,4.69,16.69,36.75,41.00,13.91,11.86,22.69,4.98,9.08,20.64,13.18,25.33,22.84,6.44,5.27,0.00,20.20,20.64,9.96,6.00,18.59,7.32,11.42,18.01,6.44,7.76,8.35,8.20,11.86,8.49,12.59,5.27,59.59,19.77,4.69,16.84,23.72,17.28,5.12,22.55,2.20,3.95,6.59,14.06,20.79,82.72,34.41,10.25,5.27,4.54,30.31,24.01,27.96,15.37,8.35,12.30,4.39,20.64,17.28,18.59,8.49,5.42,100.00,9.22,27.67,6.15,24.89,,0.98
,,6.00,Median Fixed Broadband Download Speeds (Mbps),,0.50,0.50,10.33,24.94,38.29,25.44,12.85,31.74,52.64,19.65,63.98,84.38,52.39,48.87,36.02,27.96,19.14,65.24,14.86,34.51,19.90,0.00,38.04,84.63,22.42,10.33,19.90,19.65,57.18,12.34,7.81,7.81,45.84,67.25,24.69,55.67,18.39,0.76,54.41,38.04,20.15,10.83,54.41,49.87,5.04,39.55,1.26,60.20,22.67,50.63,57.43,45.84,56.42,64.23,19.65,7.05,34.76,22.67,100.00,21.16,8.82,64.48,4.79,46.60,68.26,66.25,14.86,19.65,92.95,37.53,73.80,19.65,69.02,,0.67
,Access,7.00,Number of internet users,,0.20,0.25,75.61,86.59,92.68,92.68,37.80,93.90,82.93,76.83,93.90,89.02,86.59,75.61,84.15,82.93,87.80,98.78,87.80,75.61,57.32,0.00,92.68,91.46,92.68,54.88,86.59,58.54,90.24,45.12,65.85,74.39,95.12,84.15,86.59,80.49,89.02,36.59,97.56,90.24,75.61,73.17,95.12,92.68,25.61,98.78,34.15,75.61,62.20,81.71,84.15,97.56,90.24,80.49,92.68,17.07,100.00,79.27,92.68,86.59,67.07,95.12,37.80,96.34,95.12,85.37,84.15,86.59,100.00,95.12,95.12,78.05,82.93,,0.27
,,8.00,Mobile cellular subscriptions,,0.20,0.25,8.10,11.51,7.67,9.38,6.96,6.39,6.11,8.38,4.97,10.51,10.37,16.34,10.94,8.95,9.66,9.66,4.97,5.97,5.40,0.85,9.52,-,9.94,7.81,7.67,7.53,6.39,2.84,8.95,5.82,7.67,16.90,10.51,-,9.66,9.66,-,11.51,8.10,13.35,9.80,10.09,1.70,-,2.56,9.23,8.10,11.22,9.23,13.49,16.05,8.66,18.04,4.83,14.35,8.81,15.91,11.51,17.19,10.09,10.37,11.51,10.09,14.35,6.96,0.00,100.00,-,7.67,7.39,9.80,,1.12
,,9.00,Population covered by LTE,,0.20,0.25,82.14,96.43,80.36,96.43,100.00,100.00,87.50,100.00,100.00,92.86,100.00,100.00,91.07,100.00,100.00,100.00,96.43,92.86,96.43,0.00,100.00,98.21,100.00,98.21,100.00,98.21,98.21,98.21,98.21,96.43,100.00,98.21,100.00,94.64,85.71,94.64,100.00,100.00,94.64,94.64,98.21,98.21,73.21,96.43,66.07,87.50,98.21,100.00,100.00,100.00,100.00,98.21,87.50,98.21,100.00,98.21,100.00,98.21,98.21,100.00,94.64,100.00,100.00,98.21,100.00,83.93,100.00,100.00,98.21,94.64,100.00,,0.14
,,10.00,Number of smart phone users,,0.20,0.25,69.31,79.21,89.11,79.21,25.74,83.17,60.40,69.31,83.17,64.36,67.33,60.40,61.39,78.22,81.19,88.12,64.36,41.58,62.38,1.98,85.15,77.23,77.23,74.26,77.23,42.57,80.20,45.54,67.33,80.20,87.13,92.08,78.22,71.29,92.08,58.42,77.23,93.07,58.42,71.29,81.19,90.10,23.76,90.10,21.78,63.37,72.28,73.27,75.25,75.25,77.23,76.24,73.27,0.00,78.22,76.24,87.13,78.22,37.62,84.16,26.73,89.11,82.18,67.33,85.15,85.15,100.00,79.21,88.12,78.22,85.15,,0.29
,AI,,% of population that are using AI,,,0.33,9.88,23.05,53.03,43.50,1.39,51.47,18.72,36.40,49.74,25.13,17.33,27.21,35.01,30.16,37.26,38.82,28.42,19.76,12.31,0.87,37.26,65.34,38.65,5.20,22.18,14.73,40.73,16.29,11.09,8.49,66.38,51.65,37.26,22.18,12.82,3.12,22.18,23.22,19.93,7.97,56.50,59.27,5.20,69.50,6.93,14.56,20.80,38.47,31.02,55.46,42.29,17.16,2.95,0.00,34.49,26.34,94.63,30.33,25.65,61.53,0.52,46.79,49.39,7.63,14.38,4.68,100.00,56.50,38.13,0.00,29.81,,0.73
,,,Compute capacity (Govt readiness),,,0.33,4.23,10.36,43.60,17.28,7.01,17.02,41.07,9.35,47.46,18.12,88.45,10.36,6.31,7.23,15.40,12.00,2.34,5.43,6.56,3.70,19.35,55.19,61.80,5.08,8.24,4.68,7.77,52.25,21.47,0.00,34.06,21.45,42.67,54.49,6.56,7.94,3.70,19.92,11.70,6.31,41.75,11.37,8.09,18.96,8.90,6.80,9.35,35.11,10.79,6.04,43.60,11.80,21.78,2.34,26.86,6.56,44.92,6.56,31.02,25.83,1.36,36.00,33.26,21.68,12.62,10.03,43.24,54.32,100.00,4.23,9.66,,0.96
,,,AI Infrastructure (Tortoise),,,0.33,13.13,17.17,21.21,21.21,11.11,19.19,21.21,17.17,26.26,24.24,65.66,18.18,-,15.15,18.18,24.24,-,-,15.15,0.00,32.32,30.30,31.31,10.10,19.19,-,22.22,14.14,13.13,14.14,25.25,24.24,22.22,45.45,-,4.04,-,28.28,17.17,15.15,39.39,22.22,4.04,24.24,7.07,17.17,15.15,22.22,21.21,22.22,41.41,21.21,19.19,1.01,22.22,16.16,49.49,17.17,11.11,25.25,10.10,25.25,33.33,24.24,15.15,16.16,28.28,26.26,100.00,-,21.21,,0.65
HARNESS,Apps and platforms  (merge the fintech indicators here only if the public sector wage indicator doesnt work),11.00,Number (16-64 years) using social media for work related activities,,0.17,0.17,-,55.41,39.85,25.05,-,21.63,77.23,57.87,32.45,66.60,67.17,68.69,-,37.76,29.41,26.57,-,-,59.39,-,-,19.54,17.27,100.00,61.29,-,37.76,63.38,61.67,-,42.13,49.72,26.76,0.00,-,84.82,-,69.83,60.34,-,33.97,43.83,99.24,45.16,-,-,62.81,36.81,48.20,-,9.87,39.66,39.47,-,53.89,51.80,47.25,-,83.11,34.16,-,26.38,29.41,50.28,53.13,-,74.38,32.45,30.74,-,64.71,,0.45
,,12.00,Number of users of digital food delivery platforms,,0.17,0.17,8.01,68.92,56.07,84.47,7.21,65.42,61.85,53.15,83.50,41.93,100.00,32.77,31.18,70.46,55.18,83.71,32.80,11.73,25.37,50.28,66.70,53.09,65.98,6.39,31.39,10.94,40.85,57.89,63.31,1.51,42.37,51.64,58.16,59.85,3.14,98.61,30.41,57.79,46.31,30.64,87.11,43.86,73.72,76.05,68.48,18.25,41.56,51.76,47.46,46.94,88.88,39.03,27.41,18.11,77.93,36.00,84.50,44.33,49.42,39.01,23.25,81.34,50.18,49.32,69.28,1.10,47.42,83.83,92.93,0.00,30.78,,0.52
,,13.00,Number of users of digital health applications,,0.17,0.17,5.56,26.27,43.71,46.36,0.00,47.36,7.52,14.57,37.72,62.01,10.87,11.96,40.72,50.45,16.56,75.79,10.45,7.85,2.88,64.63,69.60,38.99,43.37,3.64,91.31,8.25,32.46,13.67,11.47,11.55,100.00,45.78,30.13,24.71,10.39,4.43,18.21,9.06,7.31,7.88,28.93,38.87,6.60,68.90,10.87,11.80,9.49,18.37,49.64,37.27,23.61,52.73,14.29,7.07,10.23,35.15,42.02,48.44,15.27,31.09,8.46,49.84,51.96,11.10,25.98,6.81,17.07,36.25,49.18,4.85,4.27,,0.81
,,14.00,E-commerce users,,0.17,0.17,17.22,58.71,86.43,62.16,8.44,78.38,86.75,38.91,80.54,68.74,78.05,33.81,28.44,41.10,61.48,77.12,26.86,17.18,28.68,34.32,80.05,61.16,64.18,31.66,42.72,22.21,42.62,38.37,35.36,27.52,70.82,67.70,39.18,80.53,27.07,12.21,29.82,42.62,100.00,30.60,79.96,70.61,21.32,90.54,0.00,64.66,15.11,47.57,42.68,39.82,81.89,53.93,54.91,22.96,50.41,35.34,78.70,52.59,23.40,64.34,19.00,81.40,81.33,28.36,37.65,33.53,47.77,78.91,93.47,22.93,20.79,,0.50
,,15.00,Consumer Spend on Mobile Apps (millions USD),,0.17,0.17,-,3.37,44.27,30.90,-,23.05,6.88,15.04,33.46,14.25,6.30,2.27,-,25.82,19.83,34.69,-,-,3.42,-,23.12,21.34,24.91,1.07,16.01,-,14.97,0.10,3.66,-,28.84,24.12,12.96,92.67,-,1.37,-,25.05,4.29,0.92,24.63,30.11,1.66,51.86,0.00,3.15,7.11,15.79,16.21,-,100.00,13.05,2.10,-,36.60,14.04,74.43,-,5.04,12.91,-,29.86,35.63,23.79,10.49,-,33.11,31.23,50.98,-,6.91,,0.98
,,16.00,Video On Demand Users,,0.17,0.17,25.68,19.24,15.98,5.68,6.39,25.64,30.94,16.87,35.90,29.85,28.76,28.92,20.74,16.40,6.21,17.05,16.20,27.14,20.59,100.00,15.86,32.43,33.97,9.50,11.04,44.71,17.57,17.52,26.20,24.54,7.69,30.99,31.86,26.71,2.78,4.45,18.54,23.07,31.76,18.10,12.46,20.58,0.44,21.99,20.11,27.02,27.44,6.49,12.57,31.34,41.41,19.01,29.11,36.57,22.89,19.52,26.38,11.91,26.08,34.20,41.66,16.31,8.48,25.72,30.26,4.16,25.86,33.69,24.43,0.00,29.36,,0.61
,Data Intensity,17.00,Total monthly fixed broadband internet traffic (TB),,0.50,0.50,18.12,-,38.36,18.17,6.96,24.48,12.81,23.63,37.58,54.02,24.04,4.81,35.92,32.31,32.52,37.72,36.78,13.28,10.22,11.11,24.19,-,28.52,12.60,20.53,21.10,20.28,18.21,9.84,26.11,39.64,-,26.36,22.76,15.01,10.96,100.00,20.87,12.28,33.41,-,39.78,0.00,#VALUE!,26.95,53.17,-,48.87,26.25,83.76,42.10,21.41,28.17,40.29,60.05,13.30,-,16.65,14.52,32.17,2.29,-,18.82,32.06,21.90,-,63.78,48.32,-,2.47,43.78,,#VALUE!
,,18.00,Total monthly mobile broadband internet traffic (TB),,0.50,0.50,13.28,5.53,20.12,58.97,18.14,11.56,6.73,25.01,10.92,40.36,23.50,12.07,9.73,37.20,18.38,36.24,18.35,7.95,4.87,0.00,73.58,26.36,13.57,12.86,26.37,9.65,24.73,31.60,15.00,20.72,37.56,16.98,30.97,12.30,31.75,2.95,100.00,46.92,6.62,17.93,10.94,9.84,10.17,20.49,11.11,29.09,15.14,12.99,17.30,19.93,26.30,18.53,33.54,0.98,76.82,20.65,12.70,17.86,3.76,19.34,18.37,45.07,29.15,46.65,24.55,-,31.01,14.35,23.86,35.78,15.30,,0.77
,Fintech (change name),19.00,Value of digital transactions in billion dollars,,0.25,0.50,-,30.97,35.06,25.60,4.87,38.36,28.22,17.97,43.61,23.73,86.64,-,11.86,27.88,21.08,54.95,8.87,2.65,10.90,5.18,57.03,44.46,23.57,0.04,16.67,4.14,16.77,44.49,26.92,1.71,57.84,19.23,36.83,55.90,14.73,2.24,19.44,40.83,7.96,0.00,40.37,23.06,44.57,66.90,1.97,-,20.03,48.67,19.05,-,55.94,16.44,12.13,4.81,31.14,14.65,100.00,20.81,2.06,33.86,11.82,59.80,31.23,46.03,15.74,3.74,63.62,61.49,67.79,1.71,18.90,,0.79
,,20.00,Users of Digital Payments (in millions),,0.13,0.50,-,57.65,85.09,61.69,8.63,76.80,66.45,32.11,74.40,67.69,76.26,-,28.05,41.75,60.50,72.47,26.25,15.00,28.04,34.50,78.55,60.43,63.18,35.77,41.55,18.20,30.27,32.38,37.34,19.21,69.08,67.08,38.65,74.46,27.04,10.91,30.59,37.16,100.00,30.51,71.78,68.53,17.40,80.99,0.00,-,15.79,32.81,41.71,-,79.02,37.71,31.03,23.20,49.84,32.24,77.98,50.67,22.84,63.24,18.98,75.94,80.02,28.47,29.71,33.22,47.16,70.44,82.62,23.26,11.88,,0.52
,Real Economy,21.00,Digitally delivered services (exports),,0.50,0.50,0.84,1.63,1.69,10.41,0.34,19.31,1.70,9.95,5.17,1.46,1.48,1.53,12.92,7.67,7.36,12.64,1.54,0.38,1.58,0.00,12.68,8.65,8.42,8.48,3.82,1.54,9.03,10.80,0.87,0.30,100.00,17.95,3.68,3.93,1.19,1.71,5.77,5.73,1.13,6.33,24.95,2.25,0.45,6.22,1.81,0.32,6.71,8.28,7.72,0.86,5.11,8.11,0.41,0.46,0.74,14.33,56.14,5.63,2.39,6.93,1.91,19.72,18.53,4.39,1.25,6.27,7.53,19.72,3.41,1.28,1.25,,1.76
,,22.00,ICT sector employment,,0.50,0.50,-,8.76,21.96,22.75,1.31,23.20,9.80,23.79,22.09,13.33,-,8.89,13.01,27.12,21.24,24.38,6.54,4.25,3.46,0.33,28.82,20.33,25.62,4.31,61.96,2.29,22.88,6.21,4.12,-,42.61,37.45,18.50,38.37,-,3.27,-,43.07,5.16,-,26.54,-,0.00,26.47,2.88,3.73,5.75,23.40,25.88,6.93,24.05,15.56,13.33,0.46,-,100.00,23.40,25.82,-,19.28,5.82,33.79,23.40,2.03,5.23,-,18.04,30.07,21.96,1.96,16.01,,0.91
,AI,,Open Data score,,,0.25,0.00,50.00,79.03,70.97,29.03,41.94,66.13,72.58,80.65,62.90,17.74,62.90,62.90,51.61,56.45,98.39,54.84,58.06,40.32,25.81,98.39,56.45,82.26,41.94,37.10,43.55,80.65,41.94,74.19,27.42,79.03,74.19,77.42,69.35,70.97,53.23,38.71,100.00,77.42,79.03,87.10,77.42,45.16,98.39,22.58,56.45,74.19,98.39,88.71,37.10,75.81,85.48,54.84,51.61,66.13,70.97,100.00,77.42,37.10,79.03,33.87,87.10,61.29,58.06,58.06,58.06,90.32,67.74,80.65,88.71,32.26,,0.35
,,,Development: Open Source models score (tortoise),,,0.25,0.00,0.50,0.40,0.00,0.20,0.30,1.10,0.00,6.90,0.10,26.20,0.00,-,0.00,0.00,0.00,-,-,0.00,0.00,6.70,40.00,10.60,0.00,0.30,-,0.00,0.70,0.00,0.00,0.00,8.40,1.10,1.90,-,0.00,-,0.00,0.00,0.80,2.10,0.00,0.00,1.10,0.00,0.00,0.00,0.80,0.00,0.00,6.20,0.00,0.50,0.00,0.00,0.00,18.70,0.00,0.00,12.10,0.00,0.50,8.60,0.10,0.50,0.00,11.40,9.50,100.00,-,0.20,,3.20
,,,AI Skilled population (vibrancy),,,0.25,-,-,27.56,10.26,-,10.26,50.00,-,45.51,-,-,-,-,-,-,9.62,-,-,-,-,7.05,35.90,35.90,-,-,-,-,100.00,-,-,12.18,22.44,22.44,-,-,-,-,-,28.85,-,20.51,0.00,-,4.49,-,-,-,18.59,15.38,-,18.59,-,-,-,17.95,-,21.79,-,16.03,35.90,-,14.10,18.59,-,25.00,-,23.72,45.51,94.87,-,-,,0.84
,,,AI Talent Pillar (tortoise),,,0.25,1.01,6.06,16.16,14.14,1.01,15.15,11.11,5.05,25.25,4.04,25.25,4.04,-,5.05,9.09,16.16,-,-,4.04,0.00,16.16,24.24,34.34,0.00,9.09,-,6.06,41.41,7.07,0.00,12.12,26.26,15.15,14.14,-,0.00,-,3.03,6.06,2.02,22.22,9.09,0.00,13.13,3.03,3.03,0.00,10.10,9.09,3.03,19.19,4.04,3.03,1.01,3.03,6.06,29.29,6.06,1.01,16.16,3.03,16.16,29.29,2.02,7.07,4.04,5.05,31.31,100.00,-,5.05,,1.28
INNOVATE,Investments and Startups,23.00,No. of start -ups,,0.50,0.33,0.32,-,4.12,16.28,5.92,5.39,0.63,0.63,17.97,1.06,4.65,2.01,0.53,16.81,2.64,6.24,-,2.22,14.69,0.53,3.91,2.75,100.00,2.01,8.67,0.63,2.01,37.32,1.90,-,6.45,5.07,3.59,13.74,0.21,-,-,1.48,1.37,0.32,11.42,5.07,0.32,4.33,9.51,0.11,2.96,4.76,2.43,-,2.85,0.95,1.06,-,3.17,4.02,11.21,1.69,9.41,1.59,5.60,4.12,10.89,1.59,1.90,-,-,22.52,6.66,0.00,-,,1.98
,,24.00,Total Unicorn Valuation in Bn $,,0.50,0.33,-,2.25,16.53,8.58,-,10.72,10.16,-,15.55,4.24,22.46,12.06,-,19.79,1.66,9.38,-,7.03,1.13,-,30.76,13.95,11.00,-,7.54,-,-,25.78,4.16,-,13.59,54.26,0.68,1.33,-,-,-,2.02,4.12,-,12.13,1.92,6.95,6.62,-,-,0.85,-,2.13,-,10.84,-,-,-,0.00,-,100.00,-,1.99,2.29,-,22.43,6.04,2.47,0.42,-,10.05,32.16,61.52,6.04,6.72,,1.40
,,25.00,Total funding till date of Startups,,,0.33,5.92,16.03,12.30,8.38,0.18,17.40,18.31,4.55,19.03,32.97,75.68,16.94,1.64,0.55,3.73,19.58,0.82,5.56,15.12,6.38,19.03,28.96,2.28,6.56,12.30,16.30,6.74,6.92,17.67,-,40.26,36.61,14.66,15.76,39.98,7.83,86.16,5.46,23.59,5.19,19.67,0.64,9.38,21.77,0.00,26.87,15.12,5.46,7.10,-,32.51,2.82,16.30,2.19,100.00,0.91,24.95,1.37,11.75,20.04,0.91,24.04,28.60,5.10,5.74,5.92,14.94,4.10,96.99,3.37,10.56,,1.21
,Other Emerging Technology,26.00,Consumer IOT Revenues in MN USD,,0.25,0.14,5.42,8.79,34.21,58.13,3.18,43.55,14.21,21.87,29.72,16.07,34.77,7.85,15.70,20.56,26.36,51.21,14.77,4.86,3.55,11.96,41.68,36.64,44.49,0.19,22.99,9.16,21.87,8.22,11.21,5.79,85.23,29.91,40.00,36.07,21.68,1.87,15.51,20.37,14.21,1.50,48.22,24.30,11.03,77.94,0.00,7.66,7.10,30.47,22.24,64.30,35.89,26.36,19.07,1.87,36.45,12.15,79.81,42.24,9.91,27.29,5.42,72.34,69.16,9.72,15.89,6.36,30.09,28.41,100.00,2.80,6.17,,0.88
,,27.00,AR/VR Revenues in mn $,,0.25,0.14,2.85,22.04,100.00,53.82,0.45,34.33,26.99,-,51.27,34.03,26.24,14.09,-,-,39.73,55.77,20.09,-,17.09,-,45.13,65.52,61.62,-,26.99,-,31.78,4.65,9.60,-,61.77,21.59,51.57,66.42,-,0.00,-,14.99,30.88,2.85,54.72,47.23,18.59,71.21,0.15,3.60,8.85,20.39,22.49,66.72,64.92,14.24,24.29,-,12.14,8.85,80.21,-,12.59,45.88,-,69.27,55.17,24.74,8.70,1.95,30.43,49.33,61.17,-,5.10,,0.75
,,28.00,Metaverse Revenues in bn $,,0.25,0.14,1.68,49.72,67.47,68.92,16.48,54.32,23.20,-,66.42,40.90,36.16,20.88,-,-,34.00,72.56,22.80,-,32.45,-,73.00,68.11,67.34,-,31.57,-,28.58,10.68,14.98,-,69.28,34.94,51.48,84.47,-,6.42,-,27.62,25.63,0.00,68.15,60.34,61.60,82.92,13.82,17.24,11.40,27.99,42.97,59.76,78.90,25.84,32.21,-,30.81,12.00,87.60,-,29.58,42.01,-,69.02,81.92,23.09,22.40,6.51,39.40,80.77,100.00,-,5.89,,0.62
,,29.00,DeFi Revenue in mn $,,0.25,0.14,-,27.78,25.00,44.44,-,33.33,16.67,5.56,22.22,30.56,-,27.78,2.78,2.78,38.89,33.33,-,8.33,47.22,8.33,22.22,16.67,22.22,-,58.33,5.56,36.11,25.00,36.11,19.44,38.89,16.67,19.44,13.89,19.44,5.56,8.33,19.44,16.67,11.11,16.67,22.22,100.00,50.00,41.67,19.44,16.67,16.67,30.56,-,25.00,27.78,33.33,0.00,22.22,2.78,52.78,5.56,13.89,30.56,8.33,33.33,22.22,19.44,38.89,16.67,27.78,19.44,22.22,8.33,47.22,,0.68
,,30.00,Robotics revenue (millions of USD),,,0.14,0.00,3.93,16.85,41.01,0.56,100.00,3.37,9.55,23.60,3.93,7.87,4.49,3.93,10.11,29.78,34.83,2.81,1.69,2.81,0.00,21.35,24.72,41.01,0.00,5.62,2.25,12.36,1.12,1.12,0.56,28.65,7.30,21.91,22.47,3.37,1.12,7.87,13.48,5.06,2.25,48.31,10.11,17.42,23.03,0.00,0.56,1.12,11.24,13.48,12.92,21.35,7.30,5.06,0.00,7.30,5.06,67.98,21.91,2.25,14.61,1.69,38.20,50.00,3.93,8.43,1.69,20.79,19.10,16.85,1.12,6.74,,1.26
,,31.00,Drones revenue (millions of USD),,,0.14,1.20,28.06,100.00,50.36,0.48,35.73,7.19,40.53,29.50,26.38,61.15,11.51,12.23,40.05,48.44,94.96,24.22,5.28,1.68,2.16,49.88,90.89,49.64,4.80,4.32,19.90,23.26,0.48,0.00,6.24,8.15,28.06,36.21,21.34,5.28,0.96,14.63,21.10,7.67,1.20,47.00,84.17,22.30,56.12,0.72,3.12,4.32,37.89,28.06,29.74,26.38,32.61,9.83,5.28,17.75,13.43,40.29,48.92,9.83,19.66,3.36,57.31,21.34,0.00,7.67,2.40,12.71,46.04,97.36,3.84,0.96,,1.00
,,32.00,Crypto Index Score,,,0.14,5.00,18.00,6.00,2.00,7.00,2.00,27.00,3.00,13.00,3.00,13.00,7.00,1.00,1.00,3.00,1.00,1.00,2.00,5.00,10.00,2.00,11.00,11.00,5.00,3.00,0.00,3.00,100.00,68.00,2.20,1.00,2.00,6.00,10.00,3.00,8.00,0.00,4.00,19.00,8.00,7.00,1.00,69.00,1.00,28.00,6.00,28.00,10.00,4.00,0.00,13.00,2.00,31.00,0.00,6.00,4.00,2.00,2.00,8.00,10.00,2.00,2.00,3.00,16.00,22.00,41.00,3.00,22.00,54.00,7.00,51.00,,1.53
,AI,,Total AI Private Investment as a share oF GDP,,,0.17,-,-,2.78,40.28,-,4.17,4.17,-,18.06,-,6.94,-,-,-,-,4.17,-,-,-,-,2.78,11.11,5.56,-,-,-,-,4.17,-,-,2.78,34.72,5.56,2.78,-,-,-,2.78,1.39,-,12.50,0.00,-,5.56,-,-,-,0.00,2.78,-,9.72,-,-,-,0.00,-,20.83,-,0.00,2.78,-,100.00,-,-,5.56,-,44.44,16.67,51.39,-,-,,1.56
,,,Newly Funded AI Companies per LLC company,,,0.17,-,-,8.33,66.67,-,16.67,0.00,-,33.33,-,33.33,-,-,-,-,33.33,-,-,-,-,25.00,16.67,83.33,-,-,-,-,33.33,-,-,25.00,66.67,8.33,100.00,-,-,-,0.00,0.00,-,33.33,0.00,-,16.67,-,-,-,8.33,8.33,-,41.67,-,-,-,8.33,-,75.00,-,8.33,8.33,-,16.67,41.67,-,0.00,-,-,16.67,41.67,-,-,,0.96
,,,AI commercial,,,0.17,0.00,2.00,11.00,6.00,0.00,9.00,7.00,1.00,23.00,6.00,48.00,1.00,-,16.00,4.00,9.00,-,-,2.00,1.00,13.00,19.00,17.00,1.00,7.00,-,5.00,14.00,4.00,1.00,12.00,29.00,5.00,13.00,-,3.00,-,4.00,3.00,0.00,10.00,4.00,1.00,11.00,1.00,1.00,1.00,4.00,7.00,0.00,14.00,1.00,5.00,2.00,21.00,1.00,27.00,4.00,6.00,7.00,2.00,12.00,12.00,2.00,2.00,2.00,13.00,25.00,100.00,-,2.00,,1.55
,,,AI Innovation - Research,,,0.25,1.00,1.00,14.00,9.00,1.00,6.00,3.00,2.00,15.00,1.00,54.00,0.00,-,2.00,4.00,7.00,-,-,2.00,0.00,9.00,18.00,16.00,0.00,5.00,-,2.00,10.00,7.00,1.00,5.00,17.00,7.00,8.00,-,0.00,-,3.00,1.00,1.00,10.00,4.00,1.00,7.00,1.00,0.00,0.00,3.00,4.00,3.00,11.00,1.00,3.00,0.00,3.00,2.00,25.00,2.00,1.00,6.00,0.00,8.00,18.00,1.00,3.00,1.00,11.00,23.00,100.00,-,1.00,,1.91
,,,AI Research and Development- score,,,0.25,-,-,5.77,0.32,-,0.20,3.58,-,8.75,-,89.89,-,-,-,-,0.25,-,-,-,-,0.66,7.62,10.62,-,-,-,-,36.81,-,-,0.39,1.45,4.03,7.19,-,-,-,1.48,0.58,-,2.54,0.00,-,0.50,-,-,-,1.58,0.37,-,9.20,-,2.42,-,6.18,-,7.25,-,0.16,3.65,-,1.18,2.04,-,2.47,-,1.23,12.84,100.00,-,-,,2.31
PROTECT,Preparedness,33.00,Cybersecurity Revenue in billion USD,,0.50,0.50,1.84,13.06,70.50,32.09,1.14,31.05,11.56,10.30,48.00,10.81,8.14,6.58,14.03,23.84,24.36,33.71,11.31,2.80,3.66,0.61,31.00,54.30,50.02,0.32,9.73,3.13,17.51,4.11,14.36,2.08,55.57,43.48,32.87,58.71,17.45,0.55,10.27,16.63,17.03,2.27,83.13,47.73,2.61,46.04,0.00,2.38,1.36,20.04,10.64,30.04,51.52,8.91,29.97,3.41,9.12,15.13,68.00,19.74,11.60,43.49,4.62,69.45,37.19,5.24,3.98,3.54,30.38,81.63,100.00,1.53,2.62,,1.03
,,34.00,Number of Secure servers,,0.50,0.50,0.01,0.40,1.84,0.66,0.27,0.66,2.46,0.58,2.49,0.37,3.22,0.10,0.01,0.19,1.38,2.14,0.00,0.01,0.01,0.03,1.54,6.10,19.37,0.00,0.26,0.00,0.82,4.57,1.67,0.00,0.98,0.20,2.90,6.92,0.23,0.07,0.00,0.42,0.13,0.04,5.33,0.14,0.09,0.29,0.09,0.06,0.03,2.54,0.50,0.00,0.96,0.89,5.74,0.01,0.03,0.14,1.94,0.37,2.08,2.19,0.03,0.86,2.26,0.37,1.57,0.60,0.07,7.12,100.00,0.06,0.96,,4.26
,Risk of Attack,35.00,Ransomware attacks 30 day average,,0.50,0.33,87.91,97.80,94.51,90.11,98.90,97.80,82.42,71.43,97.80,97.80,97.80,90.11,96.70,95.60,96.70,97.80,98.90,97.80,0.00,98.90,84.62,96.70,91.21,98.90,89.01,100.00,96.70,100.00,97.80,98.90,96.70,98.90,75.82,93.41,89.01,98.90,96.70,94.51,95.60,96.70,95.60,92.31,100.00,98.90,97.80,91.21,96.70,98.90,91.21,94.51,86.81,97.80,57.14,96.70,31.87,87.91,91.21,93.41,98.90,84.62,92.31,100.00,36.26,98.90,90.11,98.90,72.53,97.80,-,96.70,97.80,,0.18
,,36.00,Ransomware victims,,,0.33,99.68,95.02,80.04,81.83,99.78,84.96,96.94,96.34,61.59,95.75,99.98,95.42,93.65,91.37,89.44,79.81,96.50,97.55,98.81,99.95,87.54,88.08,83.08,99.93,90.83,97.72,97.34,99.42,99.29,99.44,83.70,82.90,87.77,95.74,99.90,98.59,95.83,94.20,97.20,98.87,91.17,90.03,99.72,86.56,99.42,96.49,98.88,96.44,88.76,91.81,96.74,95.20,99.61,99.21,97.06,97.91,0.00,94.19,98.01,86.72,97.55,80.78,69.12,96.79,97.47,100.00,82.09,84.55,59.17,99.84,99.26,,0.15
,,37.00,Total number of email leaks,,0.50,0.33,99.09,90.76,76.27,93.22,98.48,71.04,95.84,96.57,67.49,95.22,99.85,96.19,93.37,97.21,95.33,94.04,98.43,98.08,99.39,99.83,95.87,0.00,64.52,99.42,94.20,98.07,91.78,94.68,97.81,99.93,90.44,55.59,91.75,95.99,99.15,99.46,98.15,97.62,97.43,98.29,82.24,91.96,99.06,91.63,99.08,97.34,97.68,93.31,89.16,97.33,94.93,96.88,85.67,99.77,97.88,98.02,85.27,96.47,96.70,85.47,97.17,83.10,91.28,95.72,98.59,96.65,92.81,81.25,34.30,100.00,88.14,,0.17
,AI,,Safety and security,,,0.33,11.89,90.75,100.00,82.38,11.89,55.95,77.97,55.95,55.95,40.97,100.00,33.92,50.22,11.89,55.95,100.00,11.89,55.95,77.97,55.95,11.89,100.00,77.97,33.92,55.95,2.64,33.92,77.97,55.95,33.92,33.92,55.95,77.97,100.00,11.89,100.00,28.20,11.89,0.00,11.89,55.95,46.70,55.95,55.95,55.95,55.95,55.95,94.28,55.95,11.89,100.00,46.70,33.92,55.95,55.95,11.89,100.00,11.89,24.67,100.00,24.67,11.89,11.89,11.89,33.92,46.70,11.89,100.00,100.00,11.89,11.89,,0.64
,,,Responsible AI - Conference Submissions on RAI Topics (Total),,,0.33,-,-,3.29,0.90,-,0.90,2.10,-,8.08,-,39.97,-,-,-,-,0.90,-,-,-,-,0.60,3.59,11.83,-,-,-,-,6.14,-,-,0.00,2.10,3.29,5.24,-,-,-,0.00,-,-,4.49,-,-,-,-,-,-,0.15,0.00,-,2.10,-,0.60,-,0.30,-,5.69,-,-,0.15,-,-,4.04,-,-,-,1.20,9.88,100.00,-,-,,2.53
,,,Public trust score,,,0.33,57.45,41.62,13.87,33.30,80.58,5.55,63.93,35.15,5.55,38.85,33.30,52.83,-,35.15,42.55,36.07,-,-,59.30,35.15,35.15,0.00,22.20,35.15,35.15,-,24.97,83.35,88.90,42.55,5.55,36.07,44.40,19.42,-,35.15,-,100.00,80.58,35.15,19.42,16.65,80.58,8.32,80.58,63.93,64.85,36.07,42.55,35.15,50.05,69.48,50.98,35.15,59.30,35.15,55.60,35.15,50.05,33.30,35.15,13.87,12.95,100.00,77.80,42.55,22.20,22.20,-,-,80.58,,0.56
SUSTAINABILITY,,38.00,E-waste generated (kg per capita),,0.20,0.17,73.95,59.00,16.86,27.59,94.25,19.54,59.00,52.11,25.29,57.85,70.11,73.95,54.02,51.72,39.46,17.24,68.97,79.69,78.54,100.00,21.07,16.86,21.46,94.25,31.42,82.76,47.89,91.57,76.25,79.31,23.75,39.46,29.89,21.46,63.60,96.55,38.70,55.94,57.47,84.29,18.01,27.59,93.87,0.00,93.49,77.78,84.67,50.96,34.48,40.61,34.10,52.87,52.11,100.00,37.16,60.15,24.90,43.68,68.97,27.59,72.03,22.22,13.03,62.45,54.02,68.58,30.27,8.81,21.07,88.51,82.38,,0.51
,,39.00,Share of energy startups that are digital,,0.20,0.17,0.00,0.00,5.24,12.12,9.36,14.04,8.21,28.08,11.25,28.08,0.11,28.08,-,0.00,4.80,5.34,0.00,0.00,28.08,0.00,3.70,5.01,11.46,28.08,28.08,28.08,0.00,5.84,28.08,0.00,11.95,5.91,0.84,12.87,0.00,28.08,0.00,28.08,28.08,28.08,10.75,32.42,17.52,0.59,7.01,0.00,13.72,28.08,100.00,0.00,84.25,11.22,28.08,0.00,26.15,28.08,10.57,28.08,1.82,4.76,0.00,7.50,2.41,0.00,11.38,0.00,1.49,8.78,6.28,0.00,0.00,,1.32
,,40.00,VC investments in AI and environmental sustainability by country (USD million),,0.20,0.17,-,0.02,1.40,3.49,-,-,0.22,-,2.86,0.00,0.22,0.10,-,3.61,2.29,0.19,-,-,0.06,-,19.61,4.56,0.02,0.03,0.11,-,-,0.00,0.02,-,10.32,2.26,1.25,0.00,2.69,-,-,0.14,1.23,-,0.00,-,0.03,0.00,0.00,-,-,0.36,0.00,1.10,0.05,0.03,-,-,2.21,-,0.19,0.30,3.06,2.03,-,9.91,0.06,-,0.00,-,100.00,45.87,9.18,-,-,,3.18
,,41.00,Patents filed (2000-2023) in Smart Grids as a % of enabling tech patents,,0.20,0.17,20.00,6.14,7.37,3.31,4.74,6.79,5.22,1.39,5.28,5.91,3.16,5.67,3.92,6.12,4.40,6.98,6.90,4.35,3.30,4.69,6.43,2.83,2.22,4.74,4.74,0.00,2.84,6.52,2.63,4.88,21.62,5.30,5.25,2.61,100.00,4.73,5.95,4.86,7.42,5.23,4.07,15.33,4.68,4.22,4.70,3.54,10.04,4.18,7.53,7.71,2.93,3.83,3.94,4.68,3.12,4.17,6.78,5.19,6.59,6.27,4.82,2.99,4.58,4.93,6.81,2.39,6.65,6.26,4.80,4.77,4.83,,1.72
,,42.00,Renewable energy share of electricity production (%),,0.50,0.17,0.80,39.58,33.47,80.06,1.90,32.67,88.98,24.85,66.13,63.13,29.96,67.13,94.99,69.64,14.33,86.57,17.03,73.35,11.62,100.00,51.80,26.45,52.71,36.07,48.80,68.84,26.25,19.74,18.34,2.40,44.69,11.62,43.89,22.44,12.53,89.08,0.00,20.04,18.34,18.34,46.69,87.58,25.95,97.70,34.87,53.21,21.44,27.25,69.94,3.41,7.62,48.80,18.44,52.71,1.30,34.07,3.11,22.24,-0.20,50.20,48.50,69.34,59.82,20.84,42.18,17.74,8.52,46.19,21.44,10.62,44.79,,0.72
,,43.00,Average Annual Loss by Climate (USD million),,0.50,0.17,90.32,94.35,91.94,87.90,43.55,95.16,94.35,87.10,96.77,75.00,70.16,83.06,57.26,85.48,90.32,99.19,21.77,79.03,87.10,95.16,100.00,93.55,94.35,98.39,83.06,62.10,81.45,70.16,84.68,74.19,95.16,95.97,91.13,58.06,87.90,94.35,96.77,90.32,71.77,91.13,92.74,87.90,91.94,100.00,81.45,84.68,0.00,91.13,97.58,100.00,65.32,84.68,90.32,87.10,98.39,70.16,100.00,81.45,91.94,95.97,63.71,98.39,92.74,82.26,85.48,88.71,92.74,97.58,77.42,84.68,51.61,,0.21
CHIPS (average all 50 indicators),,,,,,,26.65,36.44,42.24,41.22,25.00,38.89,36.84,36.33,42.31,40.35,47.35,33.24,39.25,37.78,36.83,45.17,33.22,30.03,,,,,,,,,,,,,,,,,,,,,,,,,,,,,,,,,,,,,,,,,,,,,,,,,,,,,,,0.16
,,,,,,,,,,,,,,,,,,,,,,,,,,,,,,,,,,,,,,,,,,,,,,,,,,,,,,,,,,,,,,,,,,,,,,,,,,,,,,,#DIV/0!
"SUB-PILLAR SCORE (weighted average, where weights for indiactors within a sub-pillar add up to 1)",,,,,,,,,,,,,,,,,,,,,,,,,,,,,,,,,,,,,,,,,,,,,,,,,,,,,,,,,,,,,,,,,,,,,,,,,,,,,,,#DIV/0!
C,Affordability,,,,0.33,0.3,66.1,75.1,93.6,99.4,80.0,96.4,87.3,86.8,93.5,89.2,87.7,75.4,86.2,95.3,89.3,96.8,70.6,47.0,72.3,30.6,94.7,97.9,97.4,62.8,89.2,51.8,86.6,67.4,75.8,56.1,98.2,97.0,72.5,91.2,79.9,38.2,92.8,90.1,83.3,72.5,95.3,95.6,23.9,94.1,66.1,77.5,57.3,94.9,95.5,97.5,89.7,91.5,93.0,12.9,91.1,85.3,98.8,86.8,67.1,94.5,73.8,95.5,95.3,78.4,88.7,69.3,94.1,96.7,91.0,63.6,77.0,,0.23
,Quality,,,,0.33,0.3,8.2,16.2,27.6,20.3,8.8,24.2,44.7,30.3,38.9,48.1,37.5,26.9,22.5,24.3,16.2,45.3,18.9,20.5,12.6,0.0,29.1,52.6,16.2,8.2,19.2,13.5,34.3,15.2,7.1,7.8,27.1,37.7,18.3,32.1,15.5,3.0,57.0,28.9,12.4,13.8,39.1,33.6,5.1,31.0,1.7,32.1,14.6,32.3,39.1,64.3,45.4,37.2,12.5,5.8,32.5,23.3,64.0,18.3,8.6,38.4,4.6,33.6,42.8,42.4,11.7,12.5,96.5,23.4,50.7,12.9,47.0,,0.66
,Access,,,,0.33,0.3,58.8,68.4,67.5,69.4,42.6,70.9,59.2,63.6,70.5,64.2,66.1,63.1,61.9,67.5,69.7,74.1,63.4,54.0,55.4,0.7,71.8,89.0,70.0,58.8,67.9,51.7,68.8,47.9,60.1,64.2,72.5,72.8,68.8,82.1,69.1,49.8,91.6,73.7,59.2,63.1,71.1,72.8,31.1,95.1,31.1,58.9,60.2,66.5,67.2,71.6,70.9,65.9,67.9,30.0,73.1,65.6,73.9,68.6,55.0,72.3,42.4,74.2,71.8,66.3,69.1,63.9,100.0,91.4,72.3,64.6,69.5,,0.23
,AI,,,,,0.3,9.1,16.9,39.3,27.3,6.5,29.2,27.0,21.0,41.2,22.5,57.1,18.6,20.7,17.5,23.6,25.0,15.4,12.6,11.3,1.5,29.6,50.3,43.9,6.8,16.5,9.7,23.6,27.6,15.2,7.5,41.9,32.4,34.1,40.7,9.7,5.0,12.9,23.8,16.3,9.8,45.9,31.0,5.8,37.6,7.6,12.8,15.1,31.9,21.0,27.9,42.4,16.7,14.6,1.1,27.9,16.4,63.0,18.0,22.6,37.5,4.0,36.0,38.7,17.8,14.1,10.3,57.2,45.7,79.4,2.1,20.2,,0.65
H,App and platform economy,,,,0.25,0.2,14.1,38.7,47.7,42.4,5.5,43.6,45.2,32.7,50.6,47.2,48.5,29.7,30.3,40.3,31.4,52.5,21.6,16.0,23.4,62.3,51.1,37.8,41.6,25.4,42.3,21.5,31.0,31.8,33.6,16.3,48.6,45.0,33.2,47.4,10.8,34.3,24.2,37.9,41.7,17.6,44.5,41.3,33.8,59.1,19.9,25.0,27.3,29.5,36.1,38.8,57.6,36.2,27.9,21.2,42.0,32.0,58.9,39.3,33.7,36.0,23.1,47.5,42.8,31.4,37.8,11.4,40.9,49.4,57.0,6.9,26.1,,0.37
,Data Intensity,,,,0.25,0.2,15.7,5.5,29.2,38.6,12.5,18.0,9.8,24.3,24.3,47.2,23.8,8.4,22.8,34.8,25.4,37.0,27.6,10.6,7.5,5.6,48.9,26.4,21.0,12.7,23.4,15.4,22.5,24.9,12.4,23.4,38.6,17.0,28.7,17.5,23.4,7.0,100.0,33.9,9.4,25.7,10.9,24.8,5.1,20.5,19.0,41.1,15.1,30.9,21.8,51.8,34.2,20.0,30.9,20.6,68.4,17.0,12.7,17.3,9.1,25.8,10.3,45.1,24.0,39.4,23.2,-,47.4,31.3,23.9,19.1,29.5,,0.62
,Fintech,,,,0.25,0.2,-,44.3,60.1,43.6,6.8,57.6,47.3,25.0,59.0,45.7,81.4,-,20.0,34.8,40.8,63.7,17.6,8.8,19.5,19.8,67.8,52.4,43.4,17.9,29.1,11.2,23.5,38.4,32.1,10.5,63.5,43.2,37.7,65.2,20.9,6.6,25.0,39.0,54.0,15.3,56.1,45.8,31.0,73.9,1.0,-,17.9,40.7,30.4,-,67.5,27.1,21.6,14.0,40.5,23.4,89.0,35.7,12.4,48.5,15.4,67.9,55.6,37.2,22.7,18.5,55.4,66.0,75.2,12.5,15.4,,0.56
,Real Economy,,,,0.25,0.2,0.8,5.2,11.8,16.6,0.8,21.3,5.8,16.9,13.6,7.4,1.5,5.2,13.0,17.4,14.3,18.5,4.0,2.3,2.5,0.2,20.8,14.5,17.0,6.4,32.9,1.9,16.0,8.5,2.5,0.3,71.3,27.7,11.1,21.1,1.2,2.5,5.8,24.4,3.1,6.3,25.7,2.3,0.2,16.3,2.3,2.0,6.2,15.8,16.8,3.9,14.6,11.8,6.9,0.5,0.7,57.2,39.8,15.7,2.4,13.1,3.9,26.8,21.0,3.2,3.2,6.3,12.8,24.9,12.7,1.6,8.6,,1.05
,AI,,,,,0.2,0.3,18.9,30.8,23.8,10.1,16.9,32.1,25.9,39.6,22.3,23.1,22.3,-,18.9,21.8,31.0,-,-,14.8,8.6,32.1,39.1,40.8,14.0,15.5,-,28.9,46.0,27.1,9.1,25.8,32.8,29.0,28.5,-,17.7,-,34.3,28.1,27.3,33.0,21.6,15.1,29.3,8.5,19.8,24.7,32.0,28.3,13.4,29.9,29.8,19.5,17.5,21.8,25.7,42.4,27.8,13.5,35.8,12.3,29.5,29.4,20.1,22.7,20.7,32.6,38.5,93.9,-,12.5,,0.50
I,Investments and Startups,,,,0.33,0.3,3.1,9.1,11.0,11.1,3.1,11.2,9.7,2.6,17.5,12.8,34.3,10.3,1.1,12.4,2.7,11.7,-,4.9,10.3,3.5,17.9,15.2,37.8,4.3,9.5,8.5,4.4,23.3,7.9,-,20.1,32.0,6.3,10.3,20.1,-,-,3.0,9.7,2.8,14.4,2.5,5.5,10.9,4.8,13.5,6.3,5.1,3.9,-,15.4,1.9,8.7,-,34.4,2.5,45.4,1.5,7.7,8.0,3.3,16.9,15.2,3.1,2.7,-,12.5,19.6,55.1,3.1,8.6,,0.93
,Other Emerging Technology,,,,0.33,0.3,2.7,22.6,49.9,45.5,4.7,43.3,16.9,16.1,33.7,22.1,29.9,13.4,7.1,14.9,31.5,49.1,14.3,4.4,15.7,6.5,36.5,44.8,42.5,2.5,21.8,7.4,22.4,21.5,20.1,6.8,41.9,20.1,32.4,36.4,10.6,3.4,9.3,17.3,17.0,3.8,41.4,35.6,42.8,51.7,12.1,8.2,11.1,22.1,23.4,38.9,37.9,19.4,22.1,1.4,19.0,8.3,58.7,24.1,12.3,27.1,4.2,48.8,43.3,13.8,17.7,10.9,23.5,37.9,64.5,4.6,17.6,,0.67
,AI,,,,,0.3,0.5,1.5,8.6,21.2,0.5,6.5,3.5,1.5,18.3,3.5,50.7,0.5,-,9.0,4.0,9.6,-,-,2.0,0.5,9.2,14.2,24.3,0.5,6.0,-,3.5,20.3,5.5,1.0,8.0,26.3,5.9,23.1,-,1.5,-,2.2,1.1,0.5,12.4,1.7,1.0,7.4,1.0,0.5,0.5,3.2,4.1,1.5,15.9,1.0,3.9,1.0,7.2,1.5,28.5,3.0,2.7,5.4,1.0,23.7,31.8,1.5,2.6,1.5,17.4,18.7,82.2,-,1.5,,1.49
P,Preparedness,,,,0.25,0.3,1,7,36,16,1,16,7,5,25,6,6,3,7,12,13,18,6,1,2,0,16,30,35,0,5,2,9,4,8,1,28,22,18,33,9,0,5,9,9,1,44,24,1,23,0,1,1,11,6,15,26,5,18,2,5,8,35,10,7,23,2,35,20,3,3,2,15,44,100,1,2,,1.21
,Risk of Attack,,,,0.25,0.3,95.6,94.5,83.6,88.4,99.1,84.6,91.7,88.1,75.6,96.3,99.2,93.9,94.6,94.7,93.8,90.6,97.9,97.8,66.1,99.6,89.3,61.6,79.6,99.4,91.3,98.6,95.3,98.0,98.3,99.4,90.3,79.1,85.1,95.0,96.0,99.0,96.9,95.4,96.7,98.0,89.7,91.4,99.6,92.4,98.8,95.0,97.8,96.2,89.7,94.5,92.8,96.6,80.8,98.6,75.6,94.6,58.8,94.7,97.9,85.6,95.7,88.0,65.6,97.1,95.4,98.5,82.5,87.9,46.7,98.8,95.1,,0.12
,AI,,,,,0.3,34.7,66.2,39.1,38.9,46.2,20.8,48.0,45.6,23.2,39.9,57.8,43.4,-,23.5,49.3,45.7,-,-,68.6,45.6,15.9,34.5,37.3,34.5,45.6,-,29.4,55.8,72.4,38.2,13.2,31.4,41.9,41.6,-,67.6,-,37.3,40.3,23.5,26.6,31.7,68.3,32.1,68.3,59.9,60.4,43.5,32.8,23.5,50.7,58.1,28.5,45.6,38.5,23.5,53.8,23.5,37.4,44.5,29.9,12.9,9.6,55.9,55.9,44.6,11.8,44.0,100.0,-,46.2,,0.41
S,,,,,0.25,,37.0,33.2,26.0,35.7,30.8,33.6,42.7,38.7,34.6,38.3,29.0,43.0,52.5,36.1,25.9,35.9,22.9,47.3,34.8,60.0,33.8,24.9,30.4,43.6,32.7,48.4,31.7,32.3,35.0,32.2,34.6,26.8,28.7,19.6,44.5,62.6,28.3,33.2,30.7,45.4,28.7,50.2,39.0,33.8,36.9,43.8,26.0,33.7,51.6,25.5,32.4,33.6,38.6,48.9,28.1,39.3,24.3,30.2,28.7,31.1,37.8,35.1,28.8,34.1,33.3,35.5,39.9,35.6,23.4,32.2,36.7,,0.24
,,,,,,,,,,,,,,,,,,,,,,,,,,,,,,,,,,,,,,,,,,,,,,,,,,,,,,,,,,,,,,,,,,,,,,,,,,,,,,,
"PILLAR SCORE (weighted average, where weights for all sub-pillars within a pillar add up to 1)",,,,,,,,,,,,,,,,,,,,,,,,,,,,,,,,,,,,,,,,,,,,,,,,,,,,,,,,,,,,,,,,,,,,,,,,,,,,,,,
C,,,,,0.25,0.25,35.5,44.2,57.0,54.1,34.5,55.2,54.6,50.4,61.0,56.0,62.1,46.0,47.8,51.2,49.7,60.3,42.0,33.5,37.9,8.2,56.3,72.4,56.9,34.1,48.2,31.7,53.3,39.5,39.6,33.9,59.9,60.0,48.4,61.5,43.5,24.0,63.6,54.1,42.8,39.8,62.8,58.2,16.5,64.4,26.6,45.3,36.8,56.4,55.7,65.3,62.1,52.8,47.0,12.5,56.2,47.7,74.9,47.9,38.3,60.7,31.2,59.8,62.2,51.2,45.9,39.0,86.9,64.3,73.4,35.8,53.4,,
H,,,,,0.25,0.25,7.7,22.5,35.9,33.0,7.1,31.5,28.0,25.0,37.4,34.0,35.7,16.4,21.5,29.2,26.8,40.5,17.7,9.4,13.5,19.3,44.1,34.0,32.8,15.3,28.6,12.5,24.4,29.9,21.5,11.9,49.6,33.1,27.9,35.9,14.1,13.6,38.8,33.9,27.3,18.4,34.1,27.2,17.0,39.8,10.2,22.0,18.3,29.8,26.7,27.0,40.8,25.0,21.3,14.8,34.7,31.0,48.6,27.2,14.2,31.8,13.0,43.3,34.6,26.3,21.9,14.2,37.8,42.0,52.5,10.0,18.4,,
I,,,,,0.25,0.25,2.1,11.1,23.2,25.9,2.7,20.3,10.1,6.7,23.2,12.8,38.3,8.1,4.1,12.1,12.7,23.5,-,4.7,9.3,3.5,21.2,24.7,34.8,2.4,12.4,7.9,10.1,21.7,11.2,3.9,23.3,26.1,14.9,23.3,15.3,2.5,-,7.5,9.3,2.4,22.8,13.3,16.5,23.4,5.9,7.4,6.0,10.1,10.5,20.2,23.1,7.4,11.5,1.2,20.2,4.1,44.2,9.6,7.6,13.5,2.8,29.8,30.1,6.1,7.7,6.2,17.8,25.4,67.2,3.9,9.2,,
P,,,,,0.125,0.125,43.7,55.8,52.9,47.9,48.7,40.4,48.9,46.4,41.4,47.3,54.2,46.9,50.8,43.4,52.0,51.4,51.8,49.6,45.5,48.5,40.5,42.1,50.5,44.7,47.3,50.1,44.6,52.7,59.6,46.2,43.9,44.1,48.3,56.5,52.4,55.6,51.0,47.1,48.5,40.9,53.5,49.0,56.4,49.2,55.7,52.1,53.0,50.3,42.7,44.4,56.6,53.2,42.4,48.6,39.6,41.9,49.2,42.8,47.4,51.0,42.6,45.3,31.6,52.0,51.3,48.4,36.5,58.8,82.2,49.8,47.7,,
S,,,,,0.125,0.125,37.0,33.2,26.0,35.7,30.8,33.6,42.7,38.7,34.6,38.3,29.0,43.0,52.5,36.1,25.9,35.9,22.9,47.3,34.8,60.0,33.8,24.9,30.4,43.6,32.7,48.4,31.7,32.3,35.0,32.2,34.6,26.8,28.7,19.6,44.5,62.6,28.3,33.2,30.7,45.4,28.7,50.2,39.0,33.8,36.9,43.8,26.0,33.7,51.6,25.5,32.4,33.6,38.6,48.9,28.1,39.3,24.3,30.2,28.7,31.1,37.8,35.1,28.8,34.1,33.3,35.5,39.9,35.6,23.4,32.2,36.7,,
P+S,,,,,0.25,0.25,40.4,44.5,39.5,41.8,39.7,37.0,45.8,42.5,38.0,42.8,41.6,44.9,51.7,39.8,39.0,43.6,37.4,48.4,40.1,54.2,37.1,33.5,40.5,44.1,40.0,49.2,38.2,42.5,47.3,39.2,39.2,35.4,38.5,38.0,48.4,59.1,39.6,40.2,39.6,43.1,41.1,49.6,47.7,41.5,46.3,47.9,39.5,42.0,47.1,34.9,44.5,43.4,40.5,48.8,33.8,40.6,36.7,36.5,38.0,41.1,40.2,40.2,30.2,43.0,42.3,41.9,38.2,47.2,52.8,41.0,42.2,,
,,,,,,,,,,,,,,,,,,,,,,,,,,,,,,,,,,,,,,,,,,,,,,,,,,,,,,,,,,,,,,,,,,,,,,,,,,,,,,,
,,,Connect Rank,,,,60.0,48.0,21.0,31.0,61.0,28.0,29.0,37.0,14.0,26.0,11.0,45.0,42.0,36.0,38.0,16.0,51.0,64.0,57.0,71.0,24.0,4.0,22.0,62.0,40.0,65.0,33.0,54.0,53.0,63.0,18.0,17.0,39.0,13.0,49.0,68.0,8.0,30.0,50.0,52.0,9.0,20.0,69.0,6.0,67.0,47.0,58.0,23.0,27.0,5.0,12.0,34.0,44.0,70.0,25.0,43.0,2.0,41.0,56.0,15.0,66.0,19.0,10.0,35.0,46.0,55.0,1.0,7.0,3.0,59.0,32.0,,
,,,Harness Rank,,,,70.0,44.0,14.0,23.0,71.0,26.0,32.0,42.0,12.0,20.0,15.0,56.0,48.0,30.0,38.0,8.0,54.0,69.0,63.0,50.0,4.0,19.0,24.0,57.0,31.0,65.0,43.0,28.0,47.0,66.0,2.0,22.0,33.0,13.0,61.0,62.0,10.0,21.0,34.0,52.0,18.0,36.0,55.0,9.0,67.0,45.0,53.0,29.0,39.0,37.0,7.0,41.0,49.0,58.0,16.0,27.0,3.0,35.0,59.0,25.0,64.0,5.0,17.0,40.0,46.0,60.0,11.0,6.0,1.0,68.0,51.0,,
,,,Innovate Rank,,,,68.0,36.0,15.0,8.0,64.0,21.0,40.0,52.0,16.0,30.0,3.0,45.0,58.0,33.0,31.0,11.0,-,57.0,42.0,62.0,20.0,10.0,4.0,66.0,32.0,46.0,39.0,19.0,35.0,60.0,13.0,7.0,27.0,14.0,26.0,65.0,-,49.0,43.0,67.0,18.0,29.0,25.0,12.0,56.0,51.0,55.0,38.0,37.0,22.0,17.0,50.0,34.0,69.0,23.0,59.0,2.0,41.0,48.0,28.0,63.0,6.0,5.0,54.0,47.0,53.0,24.0,9.0,1.0,61.0,44.0,,
,,,P + S Rank,,,,41.0,18.0,51.0,32.0,48.0,64.0,16.0,26.0,61.0,25.0,33.0,17.0,4.0,47.0,55.0,21.0,62.0,8.0,45.0,2.0,63.0,70.0,40.0,20.0,46.0,6.0,58.0,27.0,12.0,54.0,53.0,67.0,56.0,60.0,9.0,1.0,49.0,44.0,50.0,23.0,35.0,5.0,11.0,34.0,15.0,10.0,52.0,30.0,14.0,68.0,19.0,22.0,39.0,7.0,69.0,38.0,65.0,66.0,59.0,36.0,42.0,43.0,71.0,24.0,28.0,31.0,57.0,13.0,3.0,37.0,29.0,,
,,,,,,,,,,,,,,,,,,,,,,,,,,,,,,,,,,,,,,,,,,,,,,,,,,,,,,,,,,,,,,,,,,,,,,,,,,,,,,,
CHI Score (C+H+1 = 1),,,,,,,15.1,25.9,38.7,37.7,14.8,35.7,30.9,27.4,40.5,34.3,45.3,23.5,24.5,30.8,29.7,41.4,-,15.9,20.3,10.3,40.5,43.7,41.5,17.3,29.8,17.4,29.3,30.4,24.1,16.6,44.3,39.8,30.4,40.2,24.3,13.4,-,31.9,26.4,20.2,39.9,32.9,16.7,42.5,14.2,24.9,20.3,32.1,30.9,37.5,42.0,28.4,26.6,9.5,37.0,27.6,55.9,28.2,20.0,35.3,15.7,44.3,42.3,27.9,25.2,19.8,47.5,43.9,64.4,16.6,27.0,,
CHI Score (C+ H + I = 0.75),,,,,,,11.3,19.4,29.0,28.3,11.1,26.7,23.2,20.5,30.4,25.7,34.0,17.6,18.4,23.1,22.3,31.1,-,11.9,15.2,7.7,30.4,32.8,31.1,13.0,22.3,13.0,21.9,22.8,18.1,12.4,33.2,29.8,22.8,30.2,18.2,10.0,-,23.9,19.8,15.2,29.9,24.7,12.5,31.9,10.7,18.7,15.3,24.1,23.2,28.1,31.5,21.3,20.0,7.1,27.8,20.7,41.9,21.2,15.0,26.5,11.7,33.2,31.7,20.9,18.9,14.9,35.6,32.9,48.3,12.4,20.3,,
CHIP score (P weighted 0.125),,,,,,,16.8,26.4,35.6,34.2,17.2,31.8,29.3,26.3,35.6,31.6,40.8,23.5,24.7,28.6,28.8,37.5,-,18.1,20.9,13.8,35.5,38.1,37.4,18.5,28.2,19.3,27.5,29.4,25.5,18.2,38.7,35.3,28.8,37.2,24.8,17.0,-,29.8,25.9,20.3,36.6,30.8,19.5,38.1,17.6,25.2,21.9,30.4,28.5,33.7,38.6,28.0,25.3,13.2,32.7,25.9,48.1,26.5,21.0,32.9,17.1,38.9,35.7,27.4,25.3,20.9,40.2,40.3,58.6,18.7,26.2,,
CHIPS score,,,,,,,21.44,30.6,38.9,38.7,21.0,36.0,34.6,31.2,39.9,36.4,44.4,28.9,31.3,33.1,32.0,42.0,-,24.0,25.2,21.3,39.7,41.2,41.2,24.0,32.3,25.3,31.5,33.4,29.9,22.2,43.0,38.7,32.4,39.7,30.3,24.8,-,33.9,29.7,25.9,40.2,37.1,24.4,42.3,22.3,30.7,25.1,34.6,35.0,36.9,42.6,32.2,30.1,19.3,36.2,30.9,51.1,30.3,24.5,36.8,21.8,43.3,39.3,31.7,29.5,25.3,45.2,44.7,61.5,22.7,30.8,,
RANK CHIP score,,,,,,,67,40,16,20,64,24,30,41,17,25,3,51,50,33,32,11,#VALUE!,62,55,68,18,9,12,60,35,58,37,29,45,61,7,19,31,13,49,66,#VALUE!,28,44,56,14,26,57,10,63,48,52,27,34,21,8,36,47,69,23,43,2,39,53,22,65,6,15,38,46,54,5,4,1,59,42,,
RANK CHIPS score,,,,,,,66,44,18,19,68,26,28,40,14,24,5,51,39,32,36,10,#VALUE!,60,55,67,15,12,11,61,34,54,38,31,48,64,7,20,33,16,45,57,#VALUE!,30,49,52,13,21,59,9,63,43,56,29,27,22,8,35,47,69,25,41,2,46,58,23,65,6,17,37,50,53,3,4,1,62,42,,
,,,,,,,,,,,,,,,,,,,,,,,,,,,,,,,,,,,,,,,,,,,,,,,,,,,,,,,,,,,,,,,,,,,,,,,,,,,,,,,
PILLAR SCORE (uniform weighting),,,,,,,,,,,,,,,,,,,,,,,,,,,,,,,,,,,,,,,,,,,,,,,,,,,,,,,,,,,,,,,,,,,,,,,,,,,,,,,
C,,,,,,0.25,51.6,60.7,69.9,68.5,50.8,71.8,67.6,66.2,73.4,71.0,69.0,60.8,63.7,70.0,66.8,77.5,57.4,44.5,53.6,10.5,72.4,84.9,70.2,48.9,66.7,44.1,69.0,49.2,53.6,49.7,73.7,75.5,60.2,75.0,62.7,35.8,84.5,69.2,59.5,57.0,74.4,74.1,22.9,80.4,36.2,61.0,49.9,71.0,72.9,80.5,73.3,70.4,66.9,18.3,72.2,65.0,81.9,65.8,50.6,74.4,47.4,74.6,75.4,66.4,65.4,55.8,96.9,78.6,75.5,53.9,68.0,,
H,,,,,,0.25,12.7,30.6,40.7,37.7,6.2,37.9,33.1,27.4,41.4,40.3,45.7,20.6,23.3,34.7,29.1,46.1,18.5,10.7,16.6,30.0,48.2,35.2,34.4,18.9,35.4,14.3,25.8,27.9,24.6,14.8,53.2,39.0,29.5,41.0,14.8,19.8,39.2,35.2,31.9,17.6,40.1,35.6,23.0,#VALUE!,13.1,23.5,20.6,29.3,29.6,33.4,48.2,27.9,23.8,15.5,42.8,32.3,56.7,29.5,22.5,32.5,15.2,47.2,38.2,29.0,27.1,12.7,39.7,45.1,49.2,9.4,22.0,,
I,,,,,,0.25,2.8,19.6,38.2,35.2,4.3,33.7,14.8,12.2,28.8,19.3,31.3,12.5,5.4,14.0,22.8,37.9,12.4,4.6,14.1,5.6,30.9,35.9,41.1,3.1,18.1,7.7,18.4,22.0,16.5,6.8,35.3,23.6,24.6,28.5,13.3,4.0,22.1,13.0,14.8,3.6,33.3,25.7,31.7,39.5,10.4,9.4,9.6,18.3,17.5,38.9,31.2,15.5,19.1,1.6,23.6,7.0,54.7,17.7,10.9,21.4,3.9,39.2,34.8,10.6,13.2,10.3,21.0,32.4,61.7,4.1,15.6,,
P,,,,,,0.125,57.7,59.4,64.6,59.6,59.7,57.1,57.8,55.0,55.5,60.0,61.8,57.7,59.6,61.6,61.4,61.5,61.0,59.3,40.4,59.9,60.1,49.0,61.6,59.7,56.8,59.8,60.8,60.6,62.2,60.1,65.5,56.2,58.2,70.2,61.1,59.5,60.2,60.7,61.5,59.2,71.5,64.4,60.3,64.7,59.3,57.5,58.9,62.2,56.1,62.7,66.2,59.9,55.6,59.8,47.2,59.8,49.3,60.8,61.5,60.5,58.3,66.8,47.2,59.4,58.3,59.9,55.6,70.5,73.4,59.6,57.8,,
S,,,,,,0.125,37.0,33.2,26.0,35.7,30.8,33.6,42.7,38.7,34.6,38.3,29.0,43.0,52.5,36.1,25.9,35.9,22.9,47.3,34.8,60.0,33.8,24.9,30.4,43.6,32.7,48.4,31.7,32.3,35.0,32.2,34.6,26.8,28.7,19.6,44.5,62.6,28.3,33.2,30.7,45.4,28.7,50.2,39.0,33.8,36.9,43.8,26.0,33.7,51.6,25.5,32.4,33.6,38.6,48.9,28.1,39.3,24.3,30.2,28.7,31.1,37.8,35.1,28.8,34.1,33.3,35.5,39.9,35.6,23.4,32.2,36.7,,
P+S,,,,,,,,,,,,,,,,,,,,,,,,,,,,,,,,,,,,,,,,,,,,,,,,,,,,,,,,,,,,,,,,,,,,,,,,,,,,,,,
,,,,,,,,,,,,,,,,,,,,,,,,,,,,,,,,,,,,,,,,,,,,,,,,,,,,,,,,,,,,,,,,,,,,,,,,,,,,,,,
CHIP Score,,,,,,,24.0,35.1,45.3,42.8,22.8,43.0,36.1,33.3,42.9,40.2,44.2,30.7,30.5,37.4,37.4,48.1,29.7,22.4,26.1,19.0,45.4,45.1,44.1,25.2,37.1,24.0,35.9,32.3,31.4,25.3,48.7,41.5,35.8,44.9,30.3,22.3,44.0,36.9,34.2,27.0,45.9,41.9,26.9,#VALUE!,22.4,30.7,27.4,37.5,37.0,46.0,46.4,36.0,34.4,16.3,40.5,33.6,54.5,35.8,28.7,39.6,23.9,48.6,43.0,33.9,33.7,27.2,46.4,47.8,55.8,24.3,33.6,,
CHIPS Score,,,,,,,28.6,39.3,48.6,47.3,26.6,47.2,41.4,38.2,47.2,44.9,47.9,36.0,37.1,41.9,40.6,52.5,32.5,28.3,30.5,26.5,49.6,48.2,47.9,30.6,41.2,30.0,39.9,36.4,35.8,29.4,53.1,44.9,39.4,47.4,35.9,30.2,47.5,41.1,38.1,32.6,49.5,48.2,31.8,#VALUE!,27.0,36.1,30.7,41.7,43.5,49.2,50.5,40.2,39.2,22.4,44.0,38.5,57.5,39.6,32.3,43.5,28.6,53.0,46.6,38.2,37.9,31.6,51.4,52.3,58.7,28.3,38.2,,
,,,,,,,,,,,,,,,,,,,,,,,,,,,,,,,,,,,,,,,,,,,,,,,,,,,,,,,,,,,,,,,,,,,,,,,,,,,,,,,
Indicator count,,,,,,,,,,,,,,,,,,,,,,,,,,,,,,,,,,,,,,,,,,,,,,,,,,,,,,,,,,,,,,,,,,,,,,,,,,,,,,,
C,,,,,,,10,10,10,9,10,10,10,10,10,10,10,10,10,10,10,10,10,10,10,9,10,9,10,9,10,10,10,10,9,10,10,10,10,9,10,10,9,9,10,10,10,10,9,9,9,10,10,10,10,10,10,10,10,10,10,10,10,10,10,10,10,10,10,10,10,10,10,9,10,10,10,,
H,,,,,,,7,11,12,12,10,12,12,12,12,12,11,10,10,12,12,12,10,10,12,10,11,11,12,12,12,10,12,12,12,9,12,11,12,12,9,12,9,12,12,10,11,11,12,11,11,9,11,12,12,8,12,12,12,10,11,12,11,10,11,12,10,11,12,12,12,7,12,12,11,10,12,,
I,,,,,,,8,9,10,10,8,10,10,7,10,10,9,10,7,8,10,10,7,8,10,7,10,10,10,6,10,7,9,10,10,5,10,10,10,10,7,8,6,10,10,9,10,10,10,10,9,9,10,9,10,6,10,9,9,6,10,9,10,7,10,10,7,10,10,10,10,8,9,10,10,8,9,,
P,,,,,,,5,5,5,5,5,5,5,5,5,5,5,5,5,5,5,5,5,5,5,5,5,5,5,5,5,5,5,5,5,5,5,5,5,5,5,5,5,5,5,5,5,5,5,5,5,5,5,5,5,5,5,5,5,5,5,5,5,5,5,5,5,5,5,5,5,5,5,5,4,5,5,,
S,,,,,,,5,6,6,6,5,5,6,5,6,6,6,6,4,6,6,6,5,5,6,5,6,6,6,6,6,5,5,6,6,5,6,6,6,6,6,5,5,6,6,5,6,5,6,6,6,5,5,6,6,6,6,6,5,5,6,5,6,6,6,6,5,6,6,5,6,5,6,6,6,6,5,,
CHIPS,,,,,,,35,41,43,42,38,42,43,39,43,43,41,41,36,41,43,43,37,38,43,36,42,41,43,38,43,37,41,43,42,34,43,42,43,42,37,40,34,42,43,39,42,41,42,41,40,38,41,42,43,35,43,42,41,36,42,41,42,38,42,43,37,42,43,42,43,35,42,42,41,39,41,,
%,,,,,,,80%,93%,98%,95%,86%,95%,98%,89%,98%,98%,93%,93%,82%,93%,98%,98%,84%,86%,98%,82%,95%,93%,98%,86%,98%,84%,93%,98%,95%,77%,98%,95%,98%,95%,84%,91%,77%,95%,98%,89%,95%,93%,95%,93%,91%,86%,93%,95%,98%,80%,98%,95%,93%,82%,95%,93%,95%,86%,95%,98%,84%,95%,98%,95%,98%,80%,95%,95%,93%,89%,93%,,
,,,,,,,,,,,,,,,,,,,,,,,,,,,,,,,,,,,,,,,,,,,,,,,,,,,,,,,,,,,,,,,,,,,,,,,,,,,,,,,
CHIPS SCORE for Tree map (share of each sub-pillar in overall score),,,,,New weights,,,,,,,,,,,,,,,,,,,,,,,,,,,,,,,,,,,,,,,,,,,,,,,,,,,,,,,,,,,,,,,,,,,,,,,,,,
C,Affordability,,,,0.063,,4.1,4.7,5.9,6.2,5.0,6.0,5.5,5.4,5.8,5.6,5.5,4.7,5.4,6.0,5.6,6.1,4.4,2.9,4.5,1.9,5.9,6.1,6.1,3.9,5.6,3.2,5.4,4.2,4.7,3.5,6.1,6.1,4.5,5.7,5.0,2.4,5.8,5.6,5.2,4.5,6.0,6.0,1.5,5.9,4.1,4.8,3.6,5.9,6.0,6.1,5.6,5.7,5.8,0.8,5.7,5.3,6.2,5.4,4.2,5.9,4.6,6.0,6.0,4.9,5.5,4.3,5.9,6.0,5.7,4.0,4.8,,
,Quality,,,,0.063,,0.5,1.0,1.7,1.3,0.5,1.5,2.8,1.9,2.4,3.0,2.3,1.7,1.4,1.5,1.0,2.8,1.2,1.3,0.8,0.0,1.8,3.3,1.0,0.5,1.2,0.8,2.1,0.9,0.4,0.5,1.7,2.4,1.1,2.0,1.0,0.2,3.6,1.8,0.8,0.9,2.4,2.1,0.3,1.9,0.1,2.0,0.9,2.0,2.4,4.0,2.8,2.3,0.8,0.4,2.0,1.5,4.0,1.1,0.5,2.4,0.3,2.1,2.7,2.7,0.7,0.8,6.0,1.5,3.2,0.8,2.9,,
,Access,,,,0.063,,3.7,4.3,4.2,4.3,2.7,4.4,3.7,4.0,4.4,4.0,4.1,3.9,3.9,4.2,4.4,4.6,4.0,3.4,3.5,0.0,4.5,5.6,4.4,3.7,4.2,3.2,4.3,3.0,3.8,4.0,4.5,4.6,4.3,5.1,4.3,3.1,5.7,4.6,3.7,3.9,4.4,4.5,1.9,5.9,1.9,3.7,3.8,4.2,4.2,4.5,4.4,4.1,4.2,1.9,4.6,4.1,4.6,4.3,3.4,4.5,2.6,4.6,4.5,4.1,4.3,4.0,6.3,5.7,4.5,4.0,4.3,,
H,App and platform economy,,,,0.050,,0.7,1.9,2.4,2.1,0.3,2.2,2.3,1.6,2.5,2.4,2.4,1.5,1.5,2.0,1.6,2.6,1.1,0.8,1.2,3.1,2.6,1.9,2.1,1.3,2.1,1.1,1.6,1.6,1.7,0.8,2.4,2.2,1.7,2.4,0.5,1.7,1.2,1.9,2.1,0.9,2.2,2.1,1.7,3.0,1.0,1.2,1.4,1.5,1.8,1.9,2.9,1.8,1.4,1.1,2.1,1.6,2.9,2.0,1.7,1.8,1.2,2.4,2.1,1.6,1.9,0.6,2.0,2.5,2.8,0.3,1.3,,
,Data Intensity,,,,0.050,,0.8,0.3,1.5,1.9,0.6,0.9,0.5,1.2,1.2,2.4,1.2,0.4,1.1,1.7,1.3,1.8,1.4,0.5,0.4,0.3,2.4,1.3,1.1,0.6,1.2,0.8,1.1,1.2,0.6,1.2,1.9,0.8,1.4,0.9,1.2,0.3,5.0,1.7,0.5,1.3,0.5,1.2,0.3,1.0,1.0,2.1,0.8,1.5,1.1,2.6,1.7,1.0,1.5,1.0,3.4,0.8,0.6,0.9,0.5,1.3,0.5,2.3,1.2,2.0,1.2,#VALUE!,2.4,1.6,1.2,1.0,1.5,,
,Fintech,,,,0.050,,#VALUE!,2.2,3.0,2.2,0.3,2.9,2.4,1.3,3.0,2.3,4.1,#VALUE!,1.0,1.7,2.0,3.2,0.9,0.4,1.0,1.0,3.4,2.6,2.2,0.9,1.5,0.6,1.2,1.9,1.6,0.5,3.2,2.2,1.9,3.3,1.0,0.3,1.3,1.9,2.7,0.8,2.8,2.3,1.5,3.7,0.0,#VALUE!,0.9,2.0,1.5,#VALUE!,3.4,1.4,1.1,0.7,2.0,1.2,4.4,1.8,0.6,2.4,0.8,3.4,2.8,1.9,1.1,0.9,2.8,3.3,3.8,0.6,0.8,,
,Real Economy,,,,0.050,,0.0,0.3,0.6,0.8,0.0,1.1,0.3,0.8,0.7,0.4,0.1,0.3,0.6,0.9,0.7,0.9,0.2,0.1,0.1,0.0,1.0,0.7,0.9,0.3,1.6,0.1,0.8,0.4,0.1,0.0,3.6,1.4,0.6,1.1,0.1,0.1,0.3,1.2,0.2,0.3,1.3,0.1,0.0,0.8,0.1,0.1,0.3,0.8,0.8,0.2,0.7,0.6,0.3,0.0,0.0,2.9,2.0,0.8,0.1,0.7,0.2,1.3,1.0,0.2,0.2,0.3,0.6,1.2,0.6,0.1,0.4,,
,Investments and Startups,,,,0.083,,0.3,0.8,0.9,0.9,0.3,0.9,0.8,0.2,1.5,1.1,2.9,0.9,0.1,1.0,0.2,1.0,#VALUE!,0.4,0.9,0.3,1.5,1.3,3.1,0.4,0.8,0.7,0.4,1.9,0.7,#VALUE!,1.7,2.7,0.5,0.9,1.7,#VALUE!,#VALUE!,0.2,0.8,0.2,1.2,0.2,0.5,0.9,0.4,1.1,0.5,0.4,0.3,#VALUE!,1.3,0.2,0.7,#VALUE!,2.9,0.2,3.8,0.1,0.6,0.7,0.3,1.4,1.3,0.3,0.2,#VALUE!,1.0,1.6,4.6,0.3,0.7,,
,Other Emerging Technology,,,,0.083,,0.2,1.9,4.2,3.8,0.4,3.6,1.4,1.3,2.8,1.8,2.5,1.1,0.6,1.2,2.6,4.1,1.2,0.4,1.3,0.5,3.0,3.7,3.5,0.2,1.8,0.6,1.9,1.8,1.7,0.6,3.5,1.7,2.7,3.0,0.9,0.3,0.8,1.4,1.4,0.3,3.5,3.0,3.6,4.3,1.0,0.7,0.9,1.8,1.9,3.2,3.2,1.6,1.8,0.1,1.6,0.7,4.9,2.0,1.0,2.3,0.3,4.1,3.6,1.2,1.5,0.9,2.0,3.2,5.4,0.4,1.5,,
P,Preparedness,,,,0.042,,0.0,0.3,1.5,0.7,0.0,0.7,0.3,0.2,1.1,0.2,0.2,0.1,0.3,0.5,0.5,0.7,0.2,0.1,0.1,0.0,0.7,1.3,1.4,0.0,0.2,0.1,0.4,0.2,0.3,0.0,1.2,0.9,0.7,1.4,0.4,0.0,0.2,0.4,0.4,0.0,1.8,1.0,0.1,1.0,0.0,0.1,0.0,0.5,0.2,0.6,1.1,0.2,0.7,0.1,0.2,0.3,1.5,0.4,0.3,1.0,0.1,1.5,0.8,0.1,0.1,0.1,0.6,1.8,4.2,0.0,0.1,,
,Risk of Attack,,,,0.042,,4.0,3.9,3.5,3.7,4.1,3.5,3.8,3.7,3.2,4.0,4.1,3.9,3.9,3.9,3.9,3.8,4.1,4.1,2.8,4.1,3.7,2.6,3.3,4.1,3.8,4.1,4.0,4.1,4.1,4.1,3.8,3.3,3.5,4.0,4.0,4.1,4.0,4.0,4.0,4.1,3.7,3.8,4.1,3.8,4.1,4.0,4.1,4.0,3.7,3.9,3.9,4.0,3.4,4.1,3.2,3.9,2.5,3.9,4.1,3.6,4.0,3.7,2.7,4.0,4.0,4.1,3.4,3.7,1.9,4.1,4.0,,
S,Commercialisation of Green Tech,,,,0.000,,0.0,0.0,0.0,0.0,0.0,0.0,0.0,0.0,0.0,0.0,0.0,0.0,0.0,0.0,0.0,0.0,0.0,0.0,0.0,0.0,0.0,0.0,0.0,0.0,0.0,0.0,0.0,0.0,0.0,0.0,0.0,0.0,0.0,0.0,0.0,0.0,0.0,0.0,0.0,0.0,0.0,0.0,0.0,0.0,0.0,0.0,0.0,0.0,0.0,0.0,0.0,0.0,0.0,0.0,0.0,0.0,0.0,0.0,0.0,0.0,0.0,0.0,0.0,0.0,0.0,0.0,0.0,0.0,0.0,0.0,0.0,,
,Green R&D,,,,#REF!,,#REF!,#REF!,#REF!,#REF!,#REF!,#REF!,#REF!,#REF!,#REF!,#REF!,#REF!,#REF!,#REF!,#REF!,#REF!,#REF!,#REF!,#REF!,#REF!,#REF!,#REF!,#REF!,#REF!,#REF!,#REF!,#REF!,#REF!,#REF!,#REF!,#REF!,#REF!,#REF!,#REF!,#REF!,#REF!,#REF!,#REF!,#REF!,#REF!,#REF!,#REF!,#REF!,#REF!,#REF!,#REF!,#REF!,#REF!,#REF!,#REF!,#REF!,#REF!,#REF!,#REF!,#REF!,#REF!,#REF!,#REF!,#REF!,#REF!,#REF!,#REF!,#REF!,#REF!,#REF!,#REF!,#REF!,#REF!,#REF!,#REF!,#REF!,#REF!,,
Overall Score,,,,,#REF!,,#VALUE!,#REF!,#REF!,#REF!,#REF!,#REF!,#REF!,#REF!,#REF!,#REF!,#REF!,#VALUE!,#REF!,#REF!,#REF!,#REF!,#VALUE!,#REF!,#REF!,#REF!,#REF!,#REF!,#REF!,#REF!,#REF!,#REF!,#REF!,#REF!,#REF!,#VALUE!,#REF!,#REF!,#REF!,#REF!,#REF!,#VALUE!,#VALUE!,#REF!,#REF!,#REF!,#REF!,#REF!,#REF!,#REF!,#REF!,#VALUE!,#REF!,#REF!,#REF!,#VALUE!,#REF!,#REF!,#REF!,#VALUE!,#REF!,#REF!,#REF!,#REF!,#REF!,#REF!,#REF!,#REF!,#REF!,#REF!,#REF!,#VALUE!,#REF!,#REF!,#REF!,#REF!,#REF!,,
Rank,,,,,,,#VALUE!,#REF!,#REF!,#REF!,#REF!,#REF!,#REF!,#REF!,#REF!,#REF!,#REF!,#VALUE!,#REF!,#REF!,#REF!,#REF!,#VALUE!,#REF!,#REF!,#REF!,#REF!,#REF!,#REF!,#REF!,#REF!,#REF!,#REF!,#REF!,#REF!,#VALUE!,#REF!,#REF!,#REF!,#REF!,#REF!,#VALUE!,#VALUE!,#REF!,#REF!,#REF!,#REF!,#REF!,#REF!,#REF!,#REF!,#VALUE!,#REF!,#REF!,#REF!,#VALUE!,#REF!,#REF!,#REF!,#VALUE!,#REF!,#REF!,#REF!,#REF!,#REF!,#REF!,#REF!,#REF!,#REF!,#REF!,#REF!,#VALUE!,#REF!,#REF!,#REF!,#REF!,#REF!,,